year,week,week_end,cases,cases_source,sites_reporting,sites_total,tmean,tmin,tmax,rain,rh,tmean_hot,tmin_hot,tmax_hot,rain_hot,rh_hot
2016,1,2016-01-17,0.0,bulletin:prose,,,,,,,,,,,,
2016,2,2016-01-24,0.0,bulletin:prose,,,,,,,,,,,,
2016,3,2016-01-31,0.0,bulletin:prose,,,,,,,,,,,,
2016,4,2016-02-07,0.0,bulletin:prose,,,,,,,,,,,,
2016,5,2016-02-14,0.0,bulletin:prose,,,,,,,,,,,,
2016,6,2016-02-21,0.0,bulletin:prose,,,,,,,,,,,,
2016,7,2016-02-28,0.0,bulletin:prose,,,,,,,,,,,,
2016,8,2016-03-06,0.0,bulletin:prose,,,,,,,,,,,,
2016,9,2016-03-13,0.0,bulletin:prose,,,,,,,,,,,,
2016,10,2016-03-20,0.0,bulletin:prose,,,,,,,,,,,,
2016,11,2016-03-27,0.0,bulletin:prose,,,,,,,,,,,,
2016,12,2016-04-03,0.0,bulletin:prose,,,,,,,,,,,,
2016,13,2016-04-10,0.0,bulletin:prose,,,,,,,,,,,,
2016,14,2016-04-17,0.0,bulletin:prose,,,,,,,,,,,,
2016,15,2016-04-24,0.0,bulletin:prose,,,,,,,,,,,,
2016,16,2016-05-01,0.0,bulletin:prose,,,,,,,,,,,,
2016,17,2016-05-08,0.0,bulletin:prose,,,,,,,,,,,,
2016,18,2016-05-15,0.0,bulletin:prose,,,,,,,,,,,,
2016,19,2016-05-22,0.0,bulletin:prose,,,,,,,,,,,,
2016,20,2016-05-29,0.0,bulletin:prose,31.0,49.0,,,,,,,,,,
2016,21,2016-06-05,0.0,bulletin:prose,31.0,49.0,,,,,,,,,,
2016,22,2016-06-12,0.0,bulletin:prose,29.0,49.0,,,,,,,,,,
2016,23,2016-06-19,0.0,bulletin:prose,32.0,51.0,,,,,,,,,,
2016,24,2016-06-26,0.0,bulletin:prose,35.0,51.0,,,,,,,,,,
2016,25,2016-07-03,0.0,interpolated,,,,,,,,,,,,
2016,26,2016-07-10,0.0,bulletin:prose,24.0,51.0,,,,,,,,,,
2016,27,2016-07-17,1.0,bulletin:prose,36.0,60.0,,,,,,,,,,
2016,28,2016-07-24,1.0,bulletin:prose,44.0,60.0,,,,,,,,,,
2016,29,2016-07-31,0.0,bulletin:prose,46.0,60.0,,,,,,,,,,
2016,30,2016-08-07,0.0,bulletin:prose,46.0,60.0,,,,,,,,,,
2016,31,2016-08-14,0.0,bulletin:prose,48.0,60.0,,,,,,,,,,
2016,32,2016-08-21,1.0,bulletin:prose,48.0,60.0,,,,,,,,,,
2016,33,2016-08-28,0.0,bulletin:prose,47.0,60.0,,,,,,,,,,
2016,34,2016-09-04,0.0,interpolated,,,,,,,,,,,,
2016,35,2016-09-11,0.0,bulletin:prose,44.0,60.0,21.804797441364606,18.96042643923241,25.278528784648188,66.83358208955224,88.22204690831556,24.009571428571427,21.802,26.674285714285713,90.963,90.172
2016,36,2016-09-18,1.0,bulletin:prose,43.0,60.0,21.305245202558634,18.579680170575692,24.613539445628998,58.60283582089552,87.80505330490405,23.708999999999996,21.452,26.553714285714285,74.422,88.69028571428571
2016,37,2016-09-25,2.0,bulletin:prose,42.0,60.0,20.351364605543708,17.6162473347548,23.657420042643924,52.96253731343283,87.94846481876333,22.696857142857144,20.54057142857143,25.36357142857143,75.092,89.8442857142857
2016,38,2016-10-02,0.0,bulletin:prose,42.0,60.0,20.79925373134328,17.66648187633262,24.55639658848614,22.241492537313434,85.96786780383795,23.253142857142855,20.65385714285714,26.34971428571429,26.223000000000003,86.47242857142858
2016,39,2016-10-09,,,,,20.752004264392323,17.909253731343284,24.403454157782516,48.466268656716416,85.9245842217484,23.50557142857143,21.12385714285714,26.629285714285714,52.931,87.31185714285714
2016,40,2016-10-16,,,,,18.581663113006396,14.84405117270789,23.336204690831554,12.35089552238806,75.24763326226014,21.59542857142857,18.681,25.40657142857143,20.963,80.502
2016,41,2016-10-23,,,40.0,60.0,17.612089552238807,13.76232409381663,22.90049040511727,1.6640298507462685,69.86029850746269,20.707714285714285,17.417571428571428,25.168857142857142,4.113999999999999,73.7642857142857
2016,42,2016-10-30,,,,,16.513027718550106,12.316417910447761,22.051599147121536,0.0,64.34484008528784,19.86785714285714,16.359571428571428,24.463,0.0,68.78328571428571
2016,43,2016-11-06,,,39.0,60.0,16.175245202558635,11.875650319829425,21.912601279317695,0.0,60.204584221748405,19.702428571428573,15.971428571428572,24.515857142857143,0.0,62.29885714285714
2016,44,2016-11-13,,,36.0,60.0,15.198486140724947,10.993134328358208,21.332686567164178,0.0,57.18855010660981,18.107285714285716,14.498571428571429,23.269428571428573,0.0,65.79014285714285
2016,45,2016-11-20,,,42.0,60.0,14.00449893390192,9.532835820895523,20.50776119402985,0.0,51.87149253731343,17.09285714285714,13.348142857142857,22.560142857142857,0.0,57.66442857142857
2016,46,2016-11-27,,,42.0,60.0,14.32633262260128,10.068891257995736,20.77257995735608,0.0,56.86100213219616,16.66914285714286,13.044428571428572,22.001285714285714,0.0,69.06414285714285
2016,47,2016-12-04,,,,,13.847441364605544,9.768272921108741,19.920469083155652,0.00014925373134328358,64.03837953091684,16.713142857142856,13.139857142857142,21.776571428571426,0.0,73.436
2016,48,2016-12-11,,,,,13.508720682302771,9.242174840085287,20.462473347547974,0.0,47.58360341151386,16.172857142857143,12.283714285714286,22.301428571428573,0.0,54.47728571428571
2016,49,2016-12-18,,,34.0,60.0,12.156929637526654,7.678379530916844,19.265671641791045,0.001791044776119403,46.56123667377399,14.729285714285714,10.610857142857142,21.245285714285714,0.007000000000000001,55.286
2016,50,2016-12-25,,,37.0,60.0,12.25496801705757,7.9545842217484015,19.073326226012792,0.07746268656716418,49.05618336886994,14.87742857142857,10.996714285714287,21.087285714285716,0.0,56.30657142857143
2016,51,2017-01-01,,,37.0,60.0,11.27136460554371,7.170874200426439,17.577505330490403,0.07134328358208955,54.02232409381663,14.569857142857142,10.925142857142857,20.107285714285716,0.25,58.63342857142857
2016,52,2017-01-08,2.0,bulletin:prose,40.0,60.0,9.972046908315566,5.751769722814499,16.28690831556503,1.0173134328358209,57.34317697228145,13.825142857142856,9.765857142857143,20.125142857142855,0.501,52.932
2017,1,2017-01-15,0.0,bulletin:prose,29.0,60.0,7.762324093816631,3.398017057569296,14.444626865671642,0.313134328358209,49.50249466950959,11.662714285714285,7.494,18.35,0.02,46.99171428571428
2017,2,2017-01-22,0.0,bulletin:prose,30.0,61.0,10.811961620469084,5.860298507462686,18.402046908315565,0.0034328358208955225,41.97066098081024,14.470142857142857,9.788857142857143,22.086,0.0,40.327999999999996
2017,3,2017-01-29,0.0,interpolated,,,12.473773987206823,7.311876332622601,19.53014925373134,13.10507462686567,48.07055437100213,16.087142857142858,11.175285714285714,22.92142857142857,7.156000000000001,48.388285714285715
2017,4,2017-02-05,1.0,bulletin:prose,35.0,61.0,12.446332622601279,7.523432835820896,19.612707889125797,0.12791044776119403,48.60763326226013,15.724285714285713,11.142,22.675714285714285,0.003,48.52657142857142
2017,5,2017-02-12,0.0,bulletin:prose,35.0,61.0,12.830810234541579,7.314264392324095,20.544093816631133,0.58,39.45452025586354,16.80142857142857,11.754142857142856,24.476142857142857,0.0,36.97228571428572
2017,6,2017-02-19,0.0,bulletin:prose,41.0,61.0,14.662153518123668,9.18997867803838,22.17181236673774,0.00029850746268656717,40.73219616204691,17.884285714285713,12.96042857142857,24.988285714285716,0.0,37.937
2017,7,2017-02-26,0.0,interpolated,,,14.28543710021322,8.241982942430704,22.18132196162047,0.20820895522388058,40.22298507462687,18.121285714285712,12.278,25.877714285714283,0.22600000000000003,36.06357142857142
2017,8,2017-03-05,0.0,bulletin:prose,38.0,61.0,15.18230277185501,9.287569296375267,22.78592750533049,0.3037313432835821,36.34865671641791,19.358285714285714,13.544571428571427,27.056,0.31900000000000006,31.919714285714285
2017,9,2017-03-12,0.0,bulletin:prose,38.0,61.0,12.917526652452027,7.777441364605544,19.163816631130064,24.616268656716418,47.58710021321962,17.433714285714284,12.334285714285715,23.794857142857143,23.605,41.52685714285714
2017,10,2017-03-19,0.0,bulletin:prose,39.0,61.0,13.332174840085287,7.044264392324094,20.70503198294243,4.657611940298508,42.66204690831556,17.527714285714286,11.777142857142858,24.62157142857143,4.603,36.739999999999995
2017,11,2017-03-26,0.0,bulletin:prose,38.0,61.0,17.711620469083154,10.972793176972282,25.258336886993604,10.601194029850745,44.83456289978678,20.856714285714286,14.899714285714285,27.68928571428571,16.405,45.349
2017,12,2017-04-02,4.0,bulletin:prose,40.0,61.0,21.62226012793177,15.363539445628998,28.828017057569294,8.885671641791046,41.95296375266524,24.740714285714287,18.910000000000004,31.375571428571426,12.571,42.71842857142857
2017,13,2017-04-09,0.0,bulletin:prose,,,20.795756929637527,14.230213219616205,28.002985074626867,22.823283582089555,41.25051172707889,24.637142857142855,17.87842857142857,32.118,16.237000000000002,38.891285714285715
2017,14,2017-04-16,0.0,bulletin:prose,,,20.848038379530916,13.591769722814497,28.501492537313435,3.911791044776119,33.09117270788912,24.297285714285714,17.683142857142855,31.563,6.929,32.959428571428575
2017,15,2017-04-23,0.0,bulletin:prose,35.0,62.0,22.9481236673774,17.01722814498934,29.652004264392325,20.655074626865673,47.58311300639659,25.192571428571426,20.025142857142857,31.25414285714286,33.824,54.268857142857144
2017,16,2017-04-30,0.0,bulletin:prose,42.0,62.0,22.65426439232409,15.902857142857142,29.774733475479746,4.865970149253731,38.590277185501066,26.217000000000002,19.500999999999998,33.50714285714285,6.093,38.17942857142857
2017,17,2017-05-07,0.0,bulletin:prose,42.0,63.0,22.604413646055438,16.341705756929635,29.171492537313434,17.300447761194032,42.60735607675906,25.632428571428573,19.78185714285714,31.945285714285717,25.336000000000002,44.22828571428572
2017,18,2017-05-14,0.0,interpolated,,,23.544818763326226,18.31914712153518,29.325309168443496,24.754776119402983,55.68808102345416,26.087714285714288,21.398714285714284,31.30757142857143,31.801,59.05385714285715
2017,19,2017-05-21,0.0,bulletin:prose,38.0,63.0,24.1555223880597,18.59767590618337,30.212963752665246,29.842537313432835,53.17669509594883,27.10257142857143,21.685142857142857,33.032,35.87,54.59342857142857
2017,20,2017-05-28,0.0,bulletin:prose,40.0,63.0,24.416950959488272,19.063006396588484,30.06867803837953,31.09194029850746,56.785586353944566,27.351999999999997,22.34585714285714,32.839,39.075,58.956857142857146
2017,21,2017-06-04,2.0,bulletin:prose,37.0,63.0,24.813176972281447,19.216908315565032,30.445714285714285,18.81134328358209,54.92505330490405,27.996714285714283,22.703142857142858,33.39842857142857,21.783,54.747
2017,22,2017-06-11,1.0,interpolated,,,25.040533049040512,20.37547974413646,30.08236673773987,29.688955223880598,61.23752665245203,27.90342857142857,23.781285714285712,32.45957142857143,30.839,63.32185714285714
2017,23,2017-06-18,0.0,bulletin:prose,42.0,63.0,25.302174840085286,20.127036247334754,30.745415778251598,28.015223880597016,56.19633262260128,28.168857142857142,23.303857142857144,33.263285714285715,27.157,57.48371428571429
2017,24,2017-06-25,0.0,bulletin:prose,42.0,63.0,24.75136460554371,20.532110874200427,29.564392324093816,45.09865671641791,68.35528784648187,27.10442857142857,23.444,31.44542857142857,60.42999999999999,70.73985714285713
2017,25,2017-07-02,0.0,bulletin:prose,32.0,63.0,24.112643923240938,20.738592750533048,28.251492537313432,48.972388059701494,78.32565031982942,26.023000000000003,22.995428571428572,29.783142857142856,55.032,80.68214285714285
2017,26,2017-07-09,0.0,bulletin:prose,44.0,63.0,22.844307036247336,20.337164179104477,26.015245202558635,125.13432835820896,86.8779317697228,25.05657142857143,22.906571428571432,27.840142857142858,111.772,88.44142857142857
2017,27,2017-07-16,0.0,bulletin:prose,45.0,63.0,22.372558635394455,19.358763326226015,25.963070362473346,68.05477611940299,85.54605543710021,24.73128571428571,21.883428571428574,28.208285714285715,52.31699999999999,85.116
2017,28,2017-07-23,0.0,bulletin:prose,45.0,64.0,23.113134328358207,19.90773987206823,26.866460554371002,49.946865671641795,83.22946695095949,25.571714285714286,22.571285714285715,29.156714285714287,39.983999999999995,82.976
2017,29,2017-07-30,1.0,bulletin:prose,42.0,64.0,22.253347547974414,19.512494669509596,25.574840085287846,64.95522388059702,86.56850746268657,24.533714285714286,21.978857142857144,27.632714285714286,64.41499999999999,86.96314285714286
2017,30,2017-08-06,0.0,bulletin:prose,44.0,64.0,22.84034115138593,20.20631130063966,25.97535181236674,104.07283582089552,88.94257995735607,25.250285714285717,22.83757142857143,28.13771428571429,98.468,89.12214285714285
2017,31,2017-08-13,1.0,bulletin:prose,47.0,64.0,22.299765458422176,20.19085287846482,24.87957356076759,121.86119402985075,91.80285714285715,24.45342857142857,22.618285714285715,26.704,173.246,92.49571428571429
2017,32,2017-08-20,3.0,bulletin:prose,45.0,64.0,22.117825159914712,19.609275053304906,25.23769722814499,36.69656716417911,89.84202558635394,24.33957142857143,22.216428571428573,27.004571428571428,36.605000000000004,90.88485714285714
2017,33,2017-08-27,0.0,bulletin:prose,43.0,64.0,21.942985074626865,19.388443496801706,24.939339019189767,61.47865671641791,87.68818763326226,24.64557142857143,22.318428571428573,27.386142857142858,74.042,87.02214285714285
2017,34,2017-09-03,0.0,bulletin:prose,45.0,64.0,21.515565031982945,19.152452025586356,24.416119402985075,82.60865671641791,90.3644776119403,23.980714285714285,21.894571428571428,26.61957142857143,80.21000000000001,90.98142857142857
2017,35,2017-09-10,5.0,bulletin:prose,48.0,64.0,21.777953091684434,18.609680170575693,25.551215351812367,20.003432835820895,87.91324093816631,24.299142857142858,21.528285714285715,27.750857142857143,28.827999999999996,89.30485714285714
2017,36,2017-09-17,17.0,bulletin:prose,44.0,64.0,21.905586353944564,18.853496801705756,25.492281449893387,30.373432835820896,86.06746268656715,24.24585714285714,21.808,27.282285714285717,35.827,88.92328571428571
2017,37,2017-09-24,,,,,21.24579957356077,18.82786780383795,24.294498933901917,54.85313432835821,89.38893390191897,23.733428571428572,21.568428571428573,26.463857142857144,40.163,90.05857142857143
2017,38,2017-10-01,,,,,21.22505330490405,18.23142857142857,25.00639658848614,12.91,86.43805970149255,23.706285714285713,21.231857142857145,26.926714285714286,21.116,88.467
2017,39,2017-10-08,,,,,20.994562899786782,17.60776119402985,25.082985074626865,13.36,82.81692963752666,23.641714285714286,20.858857142857143,27.055571428571433,21.939,85.61428571428571
2017,40,2017-10-15,32.0,bulletin:prose,36.0,64.0,20.088827292110874,16.195181236673776,24.912409381663114,9.189850746268657,74.33929637526653,23.338,20.379714285714282,27.203142857142858,12.702,78.95228571428571
2017,41,2017-10-22,,,,,19.432089552238807,15.449978678038379,24.483837953091683,2.042537313432836,74.55778251599148,22.329857142857144,19.025571428571432,26.523285714285713,6.249,79.73842857142857
2017,42,2017-10-29,,,38.0,64.0,16.322281449893392,12.100852878464819,21.69492537313433,3.602835820895522,65.29121535181237,19.601857142857146,15.836857142857141,24.18642857142857,6.9510000000000005,67.7932857142857
2017,43,2017-11-05,,,45.0,64.0,15.958443496801706,11.946865671641792,21.137078891257996,1.698507462686567,72.72360341151385,18.93257142857143,15.381428571428572,23.37914285714286,3.3369999999999997,76.62257142857143
2017,44,2017-11-12,,,46.0,64.0,16.221257995735606,12.20004264392324,21.794690831556505,0.0,67.33208955223881,19.51742857142857,15.807285714285715,24.402,0.0,68.23185714285714
2017,45,2017-11-19,,,45.0,64.0,15.647590618336887,11.44462686567164,21.33179104477612,0.30343283582089553,64.87179104477612,19.309857142857144,15.536142857142858,24.388142857142856,0.06000000000000001,67.32728571428572
2017,46,2017-11-26,,,46.0,64.0,12.90138592750533,8.671172707889125,19.428976545842218,0.0005970149253731343,54.40942430703625,16.457142857142856,12.575142857142858,22.464714285714287,0.0,56.94085714285715
2017,47,2017-12-03,,,40.0,64.0,12.17181236673774,8.175223880597015,18.379168443496802,0.10925373134328359,54.771343283582084,15.467142857142857,11.915142857142857,21.080142857142857,0.087,58.78257142857143
2017,48,2017-12-10,11.0,bulletin:prose,31.0,64.0,14.118869936034114,10.084712153518122,20.27206823027719,0.22567164179104476,56.59631130063966,16.995714285714286,13.267,22.782714285714285,0.026000000000000002,58.26685714285715
2017,49,2017-12-17,6.0,bulletin:prose,35.0,64.0,12.507185501066097,8.000597014925372,19.598955223880598,0.9394029850746268,49.39004264392324,16.372,12.210857142857142,23.179285714285715,0.016,49.60157142857143
2017,50,2017-12-24,4.0,bulletin:prose,38.0,64.0,12.382686567164178,8.13046908315565,18.877142857142857,0.0,46.785799573560766,15.276,11.522571428571428,21.330857142857145,0.0,53.15685714285714
2017,51,2017-12-31,9.0,bulletin:prose,35.0,64.0,11.682515991471215,7.121300639658848,18.867356076759062,0.0,41.226631130063964,15.157857142857143,10.782285714285715,22.284285714285716,0.0,41.41985714285714
2017,52,2018-01-07,,,,,8.290852878464818,3.782366737739872,15.514434968017056,0.0,46.054328358208956,11.908,7.683571428571429,18.907714285714285,0.0,45.36900000000001
2018,1,2018-01-14,,,,,9.446844349680172,4.530277185501066,17.039189765458424,0.0,39.884797441364604,11.260285714285713,6.465999999999999,18.619999999999997,0.0,44.01828571428571
2018,2,2018-01-21,2.0,bulletin:prose,34.0,64.0,10.632750533049041,5.604584221748401,18.544626865671642,0.0,36.072686567164176,13.122428571428571,8.382142857142858,20.712142857142858,0.0,39.355
2018,3,2018-01-28,0.0,bulletin:prose,34.0,64.0,9.385820895522388,4.730980810234541,16.53400852878465,2.872089552238806,48.23808102345416,12.791571428571428,8.460142857142857,19.682714285714287,1.739,46.61871428571429
2018,4,2018-02-04,1.0,bulletin:prose,35.0,65.0,11.500746268656716,6.092004264392324,19.19494669509595,0.002238805970149254,41.29462686567164,13.881285714285715,8.81157142857143,21.126714285714286,0.002,42.03814285714286
2018,5,2018-02-11,0.0,bulletin:prose,38.0,65.0,12.483710021321961,7.012835820895522,20.123496801705755,0.026119402985074626,34.53134328358209,16.27942857142857,10.794857142857143,24.044428571428575,0.0,31.496428571428574
2018,6,2018-02-18,1.0,bulletin:prose,32.0,65.0,12.294456289978678,7.077654584221749,19.48413646055437,3.9028358208955227,48.27628997867804,15.988714285714286,10.905857142857142,23.159142857142857,1.161,41.91957142857143
2018,7,2018-02-25,1.0,bulletin:prose,37.0,65.0,14.347185501066098,8.763560767590619,21.55684434968017,1.823283582089552,38.446140724946694,17.912285714285716,12.501285714285714,24.828285714285716,1.0659999999999998,34.002428571428574
2018,8,2018-03-04,1.0,bulletin:prose,39.0,66.0,16.5855223880597,10.49413646055437,24.221471215351812,1.0449253731343284,40.230959488272916,20.09314285714286,14.174857142857144,27.336142857142857,1.363,36.88171428571428
2018,9,2018-03-11,0.0,bulletin:prose,39.0,66.0,16.060554371002134,9.581236673773988,23.956119402985074,5.483582089552239,35.30014925373135,19.916571428571427,13.960857142857146,27.61257142857143,7.218999999999999,31.503571428571426
2018,10,2018-03-18,0.0,bulletin:prose,39.0,66.0,16.973795309168445,10.243134328358208,24.723965884861407,4.110149253731343,37.63140724946695,20.578714285714288,14.169142857142859,28.197142857142858,3.5829999999999997,34.12214285714286
2018,11,2018-03-25,1.0,bulletin:prose,41.0,66.0,18.885714285714286,12.018997867803838,26.723880597014926,2.837910447761194,33.16183368869936,22.831714285714288,15.975,30.687142857142856,0.366,26.68614285714286
2018,12,2018-04-01,,,,,19.313432835820894,12.564477611940298,26.757590618336888,3.2528358208955224,32.73852878464819,22.786,16.451857142857143,29.76014285714286,4.86,32.84571428571429
2018,13,2018-04-08,,,,,20.059829424307036,14.592281449893392,26.252537313432835,27.69358208955224,52.09081023454158,23.521428571428572,17.988714285714288,29.73042857142857,19.738,48.19085714285714
2018,14,2018-04-15,,,,,19.571066098081022,14.050682302771854,25.63803837953092,17.696119402985076,53.641002132196164,23.202714285714286,17.661714285714286,29.32185714285714,16.68,50.45442857142857
2018,15,2018-04-22,0.0,bulletin:prose,38.0,66.0,21.608400852878464,15.040042643923242,28.749381663113006,17.774179104477614,44.99012793176972,24.844571428571427,18.39542857142857,31.780142857142856,24.232,46.11257142857143
2018,16,2018-04-29,0.0,bulletin:prose,37.0,66.0,21.147398720682304,15.268891257995735,27.547228144989337,12.992537313432836,47.04539445628998,23.917571428571428,18.430142857142858,30.005142857142857,20.55,48.38728571428572
2018,17,2018-05-06,0.0,bulletin:prose,30.0,66.0,20.7381236673774,15.89415778251599,26.04680170575693,30.899701492537318,63.97628997867804,23.193714285714286,18.628285714285717,28.172571428571427,38.311,66.57557142857142
2018,18,2018-05-13,1.0,bulletin:prose,39.0,66.0,22.971961620469084,16.726545842217483,29.52727078891258,14.377910447761193,47.22469083155651,26.044999999999998,20.07542857142857,32.33871428571429,17.355,48.513
2018,19,2018-05-20,0.0,bulletin:prose,40.0,66.0,21.996226012793176,16.863027718550107,27.514285714285712,29.926268656716417,61.100916844349676,24.266571428571428,19.772,29.324142857142856,36.598,66.61042857142857
2018,20,2018-05-27,0.0,bulletin:prose,38.0,66.0,24.536545842217485,18.418507462686566,30.936396588486144,25.22044776119403,50.21963752665245,26.719428571428573,21.679857142857145,32.242285714285714,31.485000000000003,62.184000000000005
2018,21,2018-06-03,0.0,bulletin:prose,43.0,66.0,23.029168443496804,18.321215351812366,28.153326226012794,51.16477611940299,64.14765458422174,25.580571428571428,21.363714285714288,30.208714285714287,56.629,69.33485714285715
2018,22,2018-06-10,0.0,bulletin:prose,48.0,68.0,24.58778251599147,20.27511727078891,29.17722814498934,30.932537313432835,70.19688699360341,26.831428571428567,22.723571428571425,31.193,47.238,71.85414285714286
2018,23,2018-06-17,0.0,bulletin:prose,48.0,68.0,24.92411513859275,20.555543710021322,29.784051172707887,34.07223880597015,66.02724946695096,27.16557142857143,23.076857142857143,31.581857142857142,47.296,68.157
2018,24,2018-06-24,3.0,bulletin:prose,48.0,68.0,25.226652452025586,20.528358208955225,30.1601066098081,24.469701492537315,63.08925373134328,27.083,23.217000000000002,31.327428571428573,33.462,69.76857142857143
2018,25,2018-07-01,2.0,bulletin:prose,54.0,68.0,23.907974413646055,20.360618336886994,28.213262260127934,74.53955223880597,76.87501066098082,25.79714285714286,22.705714285714286,29.646571428571427,71.37899999999999,80.77014285714286
2018,26,2018-07-08,2.0,bulletin:prose,49.0,68.0,23.72304904051173,20.244264392324094,27.618635394456287,62.399850746268655,81.41236673773987,25.603285714285715,22.842000000000002,28.86228571428571,63.772000000000006,85.39757142857142
2018,27,2018-07-15,5.0,bulletin:prose,41.0,68.0,23.39720682302772,20.433795309168442,27.007185501066097,95.36029850746269,83.3298933901919,25.82285714285714,23.005000000000003,29.300285714285714,41.706,83.20514285714286
2018,28,2018-07-22,4.0,bulletin:prose,44.0,68.0,24.022430703624735,20.629893390191896,27.947867803837955,32.11686567164179,79.20157782515992,26.654285714285713,23.242714285714285,30.526,30.236,77.42842857142857
2018,29,2018-07-29,0.0,bulletin:prose,51.0,68.0,22.499317697228147,19.857995735607677,25.79914712153518,118.64522388059702,86.44946695095949,24.826857142857143,22.320857142857143,27.997142857142858,124.465,86.67714285714285
2018,30,2018-08-05,6.0,bulletin:prose,50.0,68.0,21.796972281449893,19.41004264392324,24.68993603411514,130.27223880597015,89.0057356076759,24.228714285714286,22.023142857142854,26.83985714285714,92.67699999999999,88.72871428571429
2018,31,2018-08-12,4.0,bulletin:prose,49.0,69.0,22.344371002132196,19.551044776119404,25.65938166311301,71.75791044776119,87.30605543710021,24.98985714285714,22.22342857142857,28.223714285714284,68.34400000000001,86.65299999999999
2018,32,2018-08-19,6.0,bulletin:prose,49.0,69.0,22.687185501066097,19.99038379530917,25.87405117270789,49.30149253731343,87.34722814498933,25.363,22.740000000000002,28.52285714285714,50.577999999999996,86.08742857142857
2018,33,2018-08-26,6.0,bulletin:prose,46.0,69.0,22.23918976545842,19.769424307036246,25.411172707889126,80.89597014925373,88.4117697228145,24.63257142857143,22.414571428571428,27.47142857142857,58.693,89.12285714285714
2018,34,2018-09-02,7.0,bulletin:prose,46.0,69.0,21.885373134328358,19.367931769722816,24.96449893390192,40.594328358208955,88.15336886993603,24.421142857142858,22.080571428571428,27.381,39.372,88.00814285714286
2018,35,2018-09-09,11.0,bulletin:prose,49.0,69.0,22.16304904051173,19.237014925373135,25.689872068230276,27.086119402985073,86.82390191897655,24.552857142857142,21.73,27.936571428571426,32.386,86.96842857142857
2018,36,2018-09-16,6.0,bulletin:prose,42.0,69.0,21.165479744136462,18.280234541577823,24.8390618336887,31.432537313432835,89.27658848614072,23.573428571428572,21.118142857142857,26.847428571428573,53.501999999999995,90.29457142857143
2018,37,2018-09-23,,,,,20.901044776119402,17.54106609808102,24.97588486140725,17.908805970149256,82.60115138592751,23.645285714285713,20.723714285714287,27.38157142857143,10.833,83.049
2018,38,2018-09-30,,,,,20.634072494669507,17.303795309168443,24.974861407249467,3.7467164179104477,84.10174840085288,23.31142857142857,20.238714285714288,27.301428571428573,0.929,85.70728571428572
2018,39,2018-10-07,4.0,bulletin:prose,32.0,69.0,18.934861407249468,15.157014925373135,23.665266524520256,3.911791044776119,75.92068230277185,22.246428571428574,18.762857142857143,26.451714285714285,7.214,76.41171428571428
2018,40,2018-10-14,5.0,bulletin:prose,46.0,69.0,17.67313432835821,13.723411513859276,22.62034115138593,2.171492537313433,75.17855010660982,20.750857142857143,17.087857142857143,25.375285714285717,3.7640000000000002,75.55628571428572
2018,41,2018-10-21,3.0,bulletin:prose,27.0,69.0,16.824861407249465,12.232921108742005,22.41550106609808,0.2137313432835821,65.54036247334756,20.26614285714286,16.071714285714286,25.233285714285714,0.476,66.521
2018,42,2018-10-28,0.0,bulletin:prose,26.0,69.0,15.618550106609806,10.628464818763327,21.783454157782515,0.04865671641791045,57.12257995735607,19.600142857142856,14.750714285714286,25.526285714285713,0.10600000000000001,53.48199999999999
2018,43,2018-11-04,13.0,bulletin:prose,35.0,69.0,16.539275053304905,11.963176972281449,22.611194029850747,2.010597014925373,61.11191897654584,20.21842857142857,15.866571428571428,26.06771428571429,0.063,60.82085714285714
2018,44,2018-11-11,10.0,bulletin:prose,31.0,69.0,14.48727078891258,9.920298507462686,20.804371002132196,0.005671641791044776,58.431002132196156,18.30242857142857,13.968285714285717,24.435142857142857,0.003,53.35742857142857
2018,45,2018-11-18,7.0,bulletin:prose,26.0,69.0,13.814712153518125,9.47445628997868,19.98545842217484,0.3023880597014926,63.41558635394456,17.613857142857142,13.423142857142858,23.60157142857143,0.24000000000000005,58.10085714285715
2018,46,2018-11-25,13.0,bulletin:prose,37.0,69.0,13.792004264392324,9.37639658848614,20.150852878464818,0.0,56.058379530916845,16.94557142857143,12.67457142857143,23.11057142857143,0.0,55.62857142857142
2018,47,2018-12-02,4.0,bulletin:prose,41.0,69.0,14.11362473347548,9.995330490405117,20.229381663113006,0.00014925373134328358,59.4017697228145,17.310142857142857,13.240142857142857,23.367857142857144,0.0,58.782
2018,48,2018-12-09,14.0,bulletin:prose,38.0,69.0,11.627484008528786,7.722046908315566,17.795927505330493,0.0,61.07309168443497,15.199142857142856,11.441142857142857,21.29357142857143,0.0,56.728571428571435
2018,49,2018-12-16,9.0,bulletin:prose,37.0,69.0,10.695756929637525,6.173710021321962,17.194349680170575,0.3764179104477612,52.55667377398721,15.17342857142857,10.512857142857143,21.98357142857143,0.002,46.069428571428574
2018,50,2018-12-23,3.0,bulletin:prose,42.0,69.0,10.50087420042644,5.756780383795309,17.440383795309167,0.7908955223880596,46.993262260127935,13.610857142857142,9.008714285714287,20.247857142857143,1.56,49.338
2018,51,2018-12-30,0.0,bulletin:prose,41.0,69.0,8.392089552238806,3.697377398720682,15.788038379530917,0.3358208955223881,43.28304904051173,12.065999999999999,7.683142857142857,19.344285714285714,0.49000000000000005,41.026428571428575
2018,52,2019-01-06,0.0,bulletin:prose,39.0,69.0,9.161087420042643,4.751471215351812,16.14302771855011,0.6523880597014925,46.7108315565032,12.894,8.453714285714286,20.095428571428574,0.095,39.90785714285714
2019,1,2019-01-13,0.0,bulletin:prose,37.0,69.0,9.288507462686567,4.933368869936034,15.882132196162047,0.6107462686567164,54.67023454157782,13.255285714285714,9.048142857142857,20.00557142857143,0.15,47.86157142857142
2019,2,2019-01-20,0.0,bulletin:prose,31.0,69.0,10.291449893390192,5.275565031982943,17.57814498933902,0.0,44.84296375266524,13.842571428571429,9.060142857142857,20.971714285714285,0.0,41.07985714285714
2019,3,2019-01-27,2.0,bulletin:prose,34.0,69.0,9.885394456289978,5.772345415778251,15.752601279317695,19.64686567164179,64.46095948827292,14.534285714285716,10.146857142857142,20.854714285714284,9.432,56.53642857142857
2019,4,2019-02-03,1.0,bulletin:prose,41.0,69.0,9.700191897654584,4.277121535181237,17.003219616204692,0.4492537313432836,47.7938592750533,14.015714285714285,8.944142857142857,21.153714285714287,0.551,41.22385714285714
2019,5,2019-02-10,0.0,bulletin:prose,33.0,69.0,10.50409381663113,5.166140724946695,17.40134328358209,39.679552238805975,56.63660980810234,14.700285714285716,9.751285714285714,21.699285714285715,34.687,50.45742857142857
2019,6,2019-02-17,0.0,bulletin:prose,46.0,69.0,11.667889125799572,6.846695095948828,18.16368869936034,14.394776119402986,57.277803837953094,15.71942857142857,11.233714285714287,22.161285714285714,5.152,50.604285714285716
2019,7,2019-02-24,0.0,bulletin:prose,43.0,69.0,12.996631130063966,7.430874200426439,20.10942430703625,5.536865671641791,54.46228144989339,17.31457142857143,11.767857142857142,24.691142857142857,1.8379999999999999,46.63257142857143
2019,8,2019-03-03,0.0,bulletin:prose,38.0,69.0,10.072643923240939,4.502686567164179,16.504307036247337,24.043283582089554,58.008336886993604,14.763285714285715,9.29957142857143,21.443571428571428,16.699,50.262
2019,9,2019-03-10,0.0,bulletin:prose,38.0,69.0,12.498443496801707,6.371855010660981,19.864669509594883,2.8174626865671644,52.73852878464819,17.13585714285714,11.527,24.497714285714288,1.825,43.552142857142854
2019,10,2019-03-17,2.0,bulletin:prose,38.0,70.0,16.07680170575693,9.857462686567166,23.66449893390192,0.694776119402985,43.16535181236674,20.966285714285714,14.953571428571427,28.812428571428576,0.031000000000000007,34.05557142857143
2019,11,2019-03-24,0.0,bulletin:prose,40.0,70.0,16.264861407249466,9.537334754797442,23.97991471215352,2.6731343283582087,43.21931769722815,20.76057142857143,14.632714285714286,28.342714285714283,3.646,35.02514285714285
2019,12,2019-03-31,0.0,bulletin:prose,45.0,70.0,18.10452025586354,11.951812366737741,25.020277185501065,13.64910447761194,49.094797441364605,21.93857142857143,16.31042857142857,28.633428571428574,19.299,44.19171428571428
2019,13,2019-04-07,0.0,bulletin:prose,42.0,70.0,18.957014925373137,12.865181236673775,25.67859275053305,15.096268656716418,50.27029850746269,22.488857142857142,16.84685714285714,28.901142857142855,20.558,47.79571428571428
2019,14,2019-04-14,1.0,bulletin:prose,43.0,70.0,20.931236673773988,14.629552238805969,27.686929637526653,10.48731343283582,49.90720682302772,24.282857142857143,18.213,30.65442857142857,16.347,48.48642857142857
2019,15,2019-04-21,0.0,bulletin:prose,34.0,70.0,20.423624733475478,14.648720682302772,26.89865671641791,15.39910447761194,49.48501066098081,24.65642857142857,18.781142857142857,31.41514285714286,14.197999999999999,43.06857142857143
2019,16,2019-04-28,1.0,bulletin:prose,49.0,71.0,22.532643923240936,16.448379530916846,28.940746268656717,14.318955223880597,49.826993603411516,25.983999999999998,20.29957142857143,31.91085714285714,21.491,48.13471428571428
2019,17,2019-05-05,1.0,interpolated,,,23.187505330490406,16.40601279317697,30.329680170575692,20.270149253731343,44.73127931769723,26.631142857142855,20.337142857142858,33.672285714285714,25.2,46.97014285714286
2019,18,2019-05-12,1.0,bulletin:prose,44.0,71.0,24.021620469083157,16.498614072494668,31.878464818763323,1.6435820895522388,32.1645842217484,27.582857142857144,20.504857142857144,35.311571428571426,1.7879999999999998,32.188428571428574
2019,19,2019-05-19,2.0,bulletin:prose,46.0,71.0,23.258464818763326,16.755095948827293,29.861300639658847,14.01223880597015,44.9394882729211,26.803428571428572,20.65042857142857,33.360571428571426,18.606,42.538
2019,20,2019-05-26,1.0,bulletin:prose,45.0,71.0,24.559445628997867,18.214456289978678,31.141599147121536,24.88089552238806,46.24733475479744,27.57,21.653714285714283,33.84957142857142,31.427,48.113285714285716
2019,21,2019-06-02,9.0,bulletin:prose,49.0,71.0,24.75827292110874,18.486993603411513,31.147889125799576,24.277164179104478,46.121727078891254,27.309000000000005,21.805,33.19085714285715,32.624,52.722714285714275
2019,22,2019-06-09,16.0,bulletin:prose,50.0,71.0,24.667654584221747,19.250255863539444,30.35456289978678,23.621940298507464,59.85230277185501,26.862714285714286,22.198857142857143,32.085142857142856,25.46,64.45585714285714
2019,23,2019-06-16,22.0,bulletin:prose,51.0,71.0,26.312579957356075,20.188550106609807,32.576439232409385,24.003880597014927,51.00567164179105,28.689999999999998,23.292142857142856,34.276428571428575,35.509,59.04714285714285
2019,24,2019-06-23,12.0,bulletin:prose,,,24.97722814498934,19.925458422174838,30.331620469083155,54.3289552238806,60.3772921108742,28.094,23.371142857142857,33.15314285714286,39.016999999999996,61.05800000000001
2019,25,2019-06-30,22.0,bulletin:prose,,,25.951833688699363,21.357377398720683,30.91140724946695,33.37955223880597,66.39876332622602,28.853571428571428,24.522,33.71414285714285,41.886,66.22157142857142
2019,26,2019-07-07,52.0,bulletin:prose,,,24.925586353944563,21.383539445628998,29.1628144989339,57.86253731343284,75.61356076759063,27.232,23.982142857142858,31.251428571428573,60.334,76.78457142857143
2019,27,2019-07-14,42.0,bulletin:prose,,,22.457420042643925,20.139296375266525,25.3517697228145,196.67671641791046,88.94266524520255,24.579428571428572,22.622857142857143,27.079285714285714,246.917,90.45085714285713
2019,28,2019-07-21,37.0,bulletin:prose,,,22.94633262260128,19.86982942430704,26.359402985074627,54.82611940298507,84.89684434968017,25.390857142857143,22.738285714285716,28.357999999999997,67.283,86.31157142857143
2019,29,2019-07-28,61.0,bulletin:prose,,,22.47944562899787,20.044690831556505,25.363731343283582,101.9858208955224,89.40942430703626,24.591285714285714,22.49585714285714,27.058,112.705,90.74471428571428
2019,30,2019-08-04,78.0,bulletin:prose,,,22.480447761194032,19.723006396588485,25.784179104477612,28.852835820895525,87.54786780383795,24.774142857142856,22.26342857142857,27.73614285714286,26.617,88.16528571428572
2019,31,2019-08-11,63.0,bulletin:prose,,,23.010767590618336,20.129189765458424,26.186929637526653,52.73686567164179,86.67498933901919,25.461142857142857,22.87914285714286,28.292714285714283,54.565,87.134
2019,32,2019-08-18,142.0,interpolated,,,22.688635394456288,19.81995735607676,26.098336886993604,45.009850746268654,86.99332622601278,25.07857142857143,22.403142857142857,28.07857142857143,48.777,87.68885714285715
2019,33,2019-08-25,222.0,bulletin:prose,,,22.400426439232408,19.66081023454158,25.642963752665246,40.94059701492537,86.56628997867803,24.862571428571428,22.394142857142857,27.73,37.022000000000006,88.01114285714286
2019,34,2019-09-01,249.0,bulletin:prose,,,22.94123667377399,19.958059701492537,26.402985074626866,46.839253731343284,86.25699360341152,25.28,22.594857142857144,28.46071428571429,54.63100000000001,86.89271428571428
2019,35,2019-09-08,355.0,bulletin:prose,,,22.33402985074627,19.77040511727079,25.622729211087417,56.32149253731343,87.91533049040511,24.732285714285716,22.407999999999998,27.80314285714286,66.643,88.217
2019,36,2019-09-15,912.0,interpolated,,,22.058784648187633,19.576183368869934,25.22582089552239,45.03537313432836,89.66038379530917,24.404285714285713,22.223571428571425,27.232428571428574,50.708,90.59157142857143
2019,37,2019-09-22,1468.0,bulletin:prose,,,20.590490405117272,17.918379530916845,23.764157782515994,67.65507462686567,86.41004264392323,23.201714285714285,20.912857142857142,25.923000000000002,71.349,85.99014285714286
2019,38,2019-09-29,1531.0,bulletin:prose,,,19.02144989339019,16.769722814498934,22.01002132196162,77.14194029850746,90.13202558635395,21.186285714285713,19.374428571428574,23.491142857142854,92.061,91.497
2019,39,2019-10-06,1065.0,bulletin:prose,,,19.02223880597015,15.946950959488273,22.91452025586354,18.330746268656718,85.70631130063965,21.73257142857143,19.072285714285716,25.108285714285714,22.578,87.22442857142858
2019,40,2019-10-13,844.0,bulletin:prose,,,18.26594882729211,14.973304904051172,22.577910447761194,7.818805970149254,84.01744136460555,21.043,18.316857142857142,24.911857142857144,10.151,87.34814285714286
2019,41,2019-10-20,542.0,bulletin:prose,,,17.872110874200427,14.723113006396588,22.015223880597016,0.12029850746268657,81.35605543710021,20.75457142857143,17.968428571428568,24.59357142857143,0.28400000000000003,84.09142857142857
2019,42,2019-10-27,740.0,bulletin:prose,,,15.917718550106608,12.236076759061833,20.849189765458423,0.3619402985074627,76.54978678038378,18.697857142857142,15.736,22.833857142857145,1.3729999999999998,82.84814285714286
2019,43,2019-11-03,404.0,bulletin:prose,,,16.352409381663115,13.007803837953091,20.971940298507462,0.05104477611940298,79.58660980810234,19.212,16.306571428571427,23.29942857142857,0.05700000000000001,84.34485714285714
2019,44,2019-11-10,372.0,interpolated,,,15.984413646055437,12.095650319829424,21.242110874200424,7.873582089552238,71.41153518123667,19.172714285714285,15.828571428571427,23.65385714285714,18.102,76.57671428571429
2019,45,2019-11-17,339.0,bulletin:prose,,,15.640362473347546,11.711066098081025,21.278891257995735,0.1008955223880597,62.65183368869937,18.184857142857144,14.69557142857143,23.102285714285713,0.001,73.6107142857143
2019,46,2019-11-24,237.0,bulletin:prose,,,13.93865671641791,10.264371002132197,19.329680170575692,0.003582089552238806,69.15705756929637,16.597571428571428,13.431571428571427,21.410285714285713,0.0,77.30442857142857
2019,47,2019-12-01,147.0,bulletin:prose,,,13.136503198294243,9.136140724946696,18.99641791044776,5.162089552238807,61.13767590618337,16.65042857142857,13.16485714285714,21.99742857142857,0.009,62.92171428571428
2019,48,2019-12-08,105.0,bulletin:prose,,,11.339680170575694,6.927014925373134,17.731300639658848,0.0,54.994690831556504,14.605285714285714,10.926285714285715,20.16771428571429,0.0,59.477
2019,49,2019-12-15,37.0,bulletin:prose,,,9.642452025586353,6.32496801705757,14.469637526652452,35.63701492537313,74.06631130063965,13.189142857142858,10.117857142857144,18.09957142857143,20.985999999999997,73.89828571428572
2019,50,2019-12-22,27.0,bulletin:prose,,,7.958272921108741,3.5097228144989336,14.531663113006397,0.0717910447761194,65.97554371002131,11.305285714285713,7.538714285714287,17.356142857142856,0.001,68.78728571428572
2019,51,2019-12-29,8.0,bulletin:prose,,,6.517057569296376,1.613411513859275,13.752345415778251,0.0,52.34454157782516,10.229285714285714,5.956571428571428,16.823,0.0,54.391999999999996
2019,52,2020-01-05,5.0,bulletin:prose,,,7.594882729211087,3.901684434968017,12.929808102345415,6.1229850746268655,66.80533049040511,11.594999999999999,8.201142857142857,16.644714285714286,6.618,65.30142857142857
2020,1,2020-01-12,6.0,bulletin:prose,,,7.251982942430703,2.736716417910448,13.395522388059701,13.542388059701493,69.2768656716418,10.595,6.520428571428572,16.393,4.65,69.01942857142858
2020,2,2020-01-19,2.0,bulletin:prose,,,9.07223880597015,4.980810234541578,14.83867803837953,27.46268656716418,70.2189552238806,13.015,8.921428571428573,18.975142857142856,20.902,65.01257142857143
2020,3,2020-01-26,2.0,bulletin:prose,,,6.9874413646055435,2.1336247334754797,13.746226012793178,0.027313432835820897,62.83965884861407,10.346428571428572,5.992714285714285,16.684571428571427,0.001,62.892714285714284
2020,4,2020-02-02,0.0,bulletin:prose,,,7.95684434968017,3.168869936034115,14.182942430703624,3.146716417910448,68.3392750533049,11.855571428571428,7.348999999999999,17.792285714285715,0.6970000000000001,66.30357142857143
2020,5,2020-02-09,5.0,bulletin:prose,,,7.41134328358209,2.2045842217484006,14.48948827292111,0.16746268656716418,54.18940298507463,11.555,6.963857142857142,18.20357142857143,0.023,52.49371428571428
2020,6,2020-02-16,4.0,bulletin:prose,,,10.866119402985074,5.258805970149253,18.434200426439233,0.011791044776119404,56.69558635394456,13.646,8.375428571428571,20.786285714285714,0.019,57.215999999999994
2020,7,2020-02-23,4.0,bulletin:prose,,,11.989680170575694,7.280724946695096,18.249211087420043,54.02940298507463,57.05452025586354,15.941714285714284,11.386571428571429,22.155,4.521000000000001,51.880285714285705
2020,8,2020-03-01,3.0,bulletin:prose,,,11.704733475479745,7.121130063965885,17.295181236673777,25.17358208955224,67.60076759061833,15.780285714285714,11.743428571428572,21.34314285714286,24.398000000000003,62.24971428571429
2020,9,2020-03-08,4.0,bulletin:prose,,,12.627547974413647,7.56908315565032,18.404562899786782,23.493582089552238,67.02388059701494,16.987571428571428,12.31942857142857,22.521714285714285,22.006999999999998,62.049285714285716
2020,10,2020-03-15,4.0,bulletin:prose,,,13.630490405117271,8.115394456289978,19.9463539445629,25.20955223880597,63.13247334754797,18.095285714285716,12.804857142857141,24.351857142857146,32.154,57.81757142857143
2020,11,2020-03-22,0.0,bulletin:prose,,,14.3482302771855,9.159701492537314,20.54814498933902,14.83955223880597,61.73680170575693,18.59342857142857,14.107714285714286,24.485142857142854,21.932,55.95228571428571
2020,12,2020-03-29,3.0,bulletin:prose,,,17.25268656716418,11.790810234541578,23.723880597014926,5.514029850746269,59.563944562899785,21.250142857142855,16.140571428571427,27.44085714285714,6.699,54.828857142857146
2020,13,2020-04-05,3.0,bulletin:prose,,,17.74215351812367,11.534349680170576,25.070533049040513,4.517462686567164,47.759275053304904,22.039,16.186,29.461571428571425,5.437,40.016571428571424
2020,14,2020-04-12,1.0,bulletin:prose,,,19.38049040511727,12.904328358208955,26.45006396588486,1.8585074626865672,47.07304904051173,23.56057142857143,17.26642857142857,30.460285714285714,2.196,40.015
2020,15,2020-04-19,1.0,bulletin:prose,,,20.671385927505334,15.356609808102345,26.65997867803838,20.109552238805968,57.79579957356077,24.119571428571426,18.922857142857143,30.070142857142862,27.214,55.075142857142865
2020,16,2020-04-26,0.0,bulletin:prose,,,17.977484008528783,13.57773987206823,22.6763539445629,76.29492537313433,64.98767590618337,21.54942857142857,17.327428571428573,26.18814285714286,37.432,61.41742857142857
2020,17,2020-05-03,2.0,bulletin:prose,,,18.738443496801704,14.646396588486141,23.14857142857143,82.43298507462687,73.62788912579957,21.66557142857143,17.655571428571427,25.946571428571428,38.975,71.89271428571428
2020,18,2020-05-10,2.0,bulletin:prose,,,19.5962473347548,14.68360341151386,24.40373134328358,34.50626865671642,66.51260127931769,23.476857142857142,18.569285714285716,28.163,33.28,61.25985714285714
2020,19,2020-05-17,9.0,bulletin:prose,,,21.768805970149252,16.516076759061836,27.181130063965885,14.732089552238806,61.50961620469083,25.253857142857143,20.304,30.36428571428571,19.348999999999997,58.65528571428572
2020,20,2020-05-24,3.0,bulletin:prose,,,23.138848614072497,17.142622601279317,29.131044776119403,24.104328358208956,54.93255863539445,25.91957142857143,20.683,31.320000000000004,35.553,59.00599999999999
2020,21,2020-05-31,3.0,bulletin:prose,,,22.673240938166312,17.521705756929638,28.02266524520256,38.87880597014926,60.019701492537315,25.76,20.944857142857142,30.89357142857143,44.623000000000005,60.140571428571434
2020,22,2020-06-07,13.0,bulletin:prose,,,21.23456289978678,17.08878464818763,25.754584221748402,45.84119402985075,70.4754157782516,24.368000000000002,20.468857142857143,28.740285714285715,65.104,69.26599999999999
2020,23,2020-06-14,6.0,bulletin:prose,,,23.842942430703623,19.3609381663113,28.53268656716418,18.117462686567162,70.96074626865672,26.053428571428572,22.149,30.323857142857143,32.803999999999995,74.42628571428571
2020,24,2020-06-21,5.0,bulletin:prose,,,22.539829424307033,19.383347547974417,26.18215351812367,151.09268656716418,83.84569296375267,24.612428571428573,22.26385714285714,27.57185714285714,139.66199999999998,87.83271428571427
2020,25,2020-06-28,5.0,bulletin:prose,,,22.588272921108743,19.707953091684434,25.91400852878465,87.77611940298507,86.81428571428572,24.877428571428574,22.531714285714283,27.758285714285716,104.86399999999999,89.08071428571428
2020,26,2020-07-05,2.0,bulletin:prose,,,22.412942430703623,19.754264392324092,25.432814498933904,67.4165671641791,88.07963752665245,24.702714285714286,22.36642857142857,27.343857142857143,85.833,89.13871428571429
2020,27,2020-07-12,7.0,bulletin:prose,,,22.47641791044776,20.105565031982945,25.13200426439232,211.35761194029848,90.96136460554371,24.728,22.87085714285714,26.793857142857142,232.82200000000003,92.76371428571429
2020,28,2020-07-19,7.0,bulletin:prose,,,22.313070362473347,19.717931769722817,25.156567164179105,76.99268656716418,90.0934328358209,24.395714285714284,22.183857142857143,26.794857142857143,101.627,90.79171428571428
2020,29,2020-07-26,8.0,bulletin:prose,,,21.609637526652453,19.24326226012793,24.344754797441365,65.56119402985075,90.57752665245202,23.768714285714285,21.71757142857143,26.11742857142857,84.431,92.00085714285714
2020,30,2020-08-02,14.0,interpolated,,,21.88742004264392,19.29543710021322,24.728294243070362,72.33432835820895,89.95893390191897,24.298428571428573,21.90742857142857,26.914428571428573,84.155,89.66271428571429
2020,31,2020-08-09,21.0,bulletin:prose,,,23.128827292110874,20.47049040511727,26.271897654584222,37.422238805970146,87.81091684434968,25.548714285714286,23.18242857142857,28.43557142857143,49.212,87.98328571428571
2020,32,2020-08-16,9.0,bulletin:prose,,,22.286609808102344,19.968486140724945,25.163795309168446,48.39940298507463,90.35025586353945,24.63242857142857,22.627000000000002,27.085571428571427,57.721000000000004,90.70857142857143
2020,33,2020-08-23,15.0,bulletin:prose,,,21.933347547974414,19.039765458422178,25.29507462686567,42.60970149253731,88.27882729211086,24.261,21.57614285714286,27.397142857142853,46.947,89.24814285714287
2020,34,2020-08-30,27.0,bulletin:prose,,,22.006929637526653,18.98234541577825,25.663859275053305,29.03313432835821,86.9917697228145,24.435714285714287,21.63171428571429,27.859714285714283,20.915,87.58814285714286
2020,35,2020-09-06,27.0,bulletin:prose,,,22.16464818763326,19.23643923240938,25.74641791044776,27.869701492537313,88.39710021321962,24.425,21.898142857142858,27.64957142857143,47.947,89.72585714285714
2020,36,2020-09-13,23.0,bulletin:prose,,,21.902217484008528,19.264328358208957,25.16315565031983,23.5655223880597,88.34756929637526,23.937714285714286,21.908571428571427,26.55457142857143,42.896,90.81785714285714
2020,37,2020-09-20,20.0,bulletin:prose,,,21.753006396588486,18.881044776119403,25.258400852878466,30.794328358208958,87.4595735607676,23.89485714285714,21.587,26.691285714285716,47.291999999999994,88.96714285714286
2020,38,2020-09-27,29.0,bulletin:prose,,,20.734008528784646,18.02132196162047,24.206545842217484,137.84477611940298,85.96889125799574,23.204142857142855,21.159,25.967000000000002,225.89299999999997,89.72657142857142
2020,39,2020-10-04,10.0,bulletin:prose,,,20.65179104477612,17.037057569296376,25.030660980810236,5.4844776119402985,79.00321961620469,23.269571428571428,20.485000000000003,26.858714285714285,9.712,84.85885714285715
2020,40,2020-10-11,15.0,bulletin:prose,,,20.378315565031983,16.559104477611942,25.029360341151385,2.833134328358209,72.99123667377398,23.16042857142857,20.306285714285714,26.865714285714283,7.12,78.96342857142858
2020,41,2020-10-18,19.0,bulletin:prose,,,20.355735607675907,16.63496801705757,25.096162046908315,0.22417910447761194,73.39441364605544,23.244,20.277142857142856,27.139142857142854,0.20500000000000002,80.3892857142857
2020,42,2020-10-25,16.0,interpolated,,,18.37556503198294,14.169168443496801,23.629317697228146,0.8822388059701493,67.03908315565032,21.796,18.36042857142857,26.097714285714282,1.2730000000000001,73.05
2020,43,2020-11-01,13.0,bulletin:prose,,,17.594392324093818,12.979402985074627,23.565351812366735,0.09850746268656715,57.027910447761194,21.289857142857144,17.328,26.44457142857143,0.205,59.513285714285715
2020,44,2020-11-08,13.0,bulletin:prose,,,15.482558635394458,11.391897654584222,21.316162046908314,0.03731343283582089,62.03906183368869,18.847,15.504714285714286,23.785714285714285,0.073,66.85900000000001
2020,45,2020-11-15,11.0,bulletin:prose,,,15.869232409381665,11.433816631130064,21.927142857142858,0.6834328358208955,55.33771855010661,19.265857142857143,15.482857142857142,24.40685714285714,0.05600000000000001,59.189857142857136
2020,46,2020-11-22,10.0,bulletin:prose,,,12.72771855010661,8.480106609808102,18.742004264392325,2.0680597014925373,63.861620469083164,16.539142857142856,12.911285714285714,21.831142857142858,0.165,67.54542857142857
2020,47,2020-11-29,8.0,bulletin:prose,,,13.017398720682303,8.52319829424307,19.390106609808104,0.005522388059701493,53.45324093816631,16.11942857142857,12.061857142857143,21.932142857142857,0.001,56.287571428571425
2020,48,2020-12-06,2.0,bulletin:prose,,,12.924712153518124,9.031215351812365,18.953432835820898,0.22567164179104476,61.76057569296375,15.990714285714287,12.646285714285714,21.291857142857143,0.21000000000000002,66.48514285714285
2020,49,2020-12-13,2.0,bulletin:prose,,,12.539253731343283,8.30358208955224,18.94040511727079,0.520597014925373,61.660767590618335,15.224142857142857,11.612142857142857,20.843285714285713,0.262,71.56328571428571
2020,50,2020-12-20,5.0,bulletin:prose,,,10.034051172707889,5.519147121535181,16.963944562899787,0.015074626865671643,49.81407249466951,13.146714285714287,9.141285714285715,19.453714285714288,0.01,55.21285714285714
2020,51,2020-12-27,1.0,bulletin:prose,,,10.939893390191898,6.599211087420042,18.009957356076757,1.3970149253731343,43.189381663113004,13.738999999999999,9.86042857142857,20.33342857142857,2.706,50.336285714285715
2020,52,2021-01-03,2.0,bulletin:prose,,,11.017654584221749,6.432814498933902,18.101172707889127,2.7485074626865673,44.533731343283584,14.340571428571428,10.229428571428572,21.035,0.025,46.969142857142856
2020,53,2021-01-10,0.0,bulletin:prose,,,13.339168443496803,8.686886993603412,20.492452025586356,2.194179104477612,52.401321961620475,17.049285714285713,12.72642857142857,23.713,0.138,53.48685714285714
2021,1,2021-01-17,1.0,bulletin:prose,,,10.612878464818763,6.179701492537314,17.692025586353946,0.0091044776119403,44.98501066098081,12.941999999999998,8.839,19.544428571428572,0.011,50.65657142857143
2021,2,2021-01-24,2.0,bulletin:prose,,,10.37132196162047,5.655373134328358,17.51042643923241,0.18208955223880596,47.62663113006397,13.172285714285715,8.983285714285715,19.691142857142857,0.371,51.99042857142857
2021,3,2021-01-31,0.0,bulletin:prose,,,8.948294243070363,4.085820895522388,16.524797441364605,0.0,38.74219616204691,12.290285714285714,7.812285714285714,19.61342857142857,0.0,40.11414285714286
2021,4,2021-02-07,0.0,bulletin:prose,,,10.233624733475478,5.032899786780384,17.609573560767593,1.049402985074627,45.16727078891258,13.680428571428573,8.815000000000001,21.012714285714285,0.429,43.21828571428571
2021,5,2021-02-14,2.0,bulletin:prose,,,12.770255863539447,7.6427292110874205,19.965095948827294,0.0744776119402985,42.197249466950964,15.706571428571428,10.845142857142857,22.604000000000003,0.10800000000000001,42.45242857142857
2021,6,2021-02-21,4.0,bulletin:prose,,,13.009488272921109,7.741812366737739,20.241279317697227,2.2388059701492535,44.59034115138593,16.61414285714286,11.517714285714286,23.638285714285715,2.584,43.422285714285714
2021,7,2021-02-28,1.0,bulletin:prose,,,15.737974413646057,9.737014925373135,23.681492537313435,0.8204477611940298,39.21243070362473,19.022285714285715,13.524428571428569,26.37557142857143,0.86,36.58842857142857
2021,8,2021-03-07,3.0,bulletin:prose,,,15.439808102345415,9.16046908315565,23.48240938166311,0.9195522388059701,30.83859275053305,19.071714285714286,13.356142857142856,26.81042857142857,1.4280000000000002,28.265714285714285
2021,9,2021-03-14,5.0,bulletin:prose,,,16.883390191897654,10.682494669509595,24.49183368869936,9.334925373134329,39.752473347547976,20.59914285714286,14.871857142857143,28.073285714285714,8.722,35.78328571428571
2021,10,2021-03-21,0.0,bulletin:prose,,,18.094733475479746,11.717121535181237,25.887953091684437,1.005820895522388,35.17752665245202,21.990428571428573,15.891285714285715,29.737857142857145,1.034,32.19585714285714
2021,11,2021-03-28,1.0,bulletin:prose,,,19.169275053304904,12.598827292110874,26.9898933901919,0.5322388059701493,31.340682302771853,23.238999999999997,16.801142857142857,31.175285714285714,0.05600000000000001,25.60285714285714
2021,12,2021-04-04,1.0,bulletin:prose,,,19.1317697228145,12.075756929637526,27.09234541577825,4.5156716417910445,24.521130063965884,23.26985714285714,16.47157142857143,31.024571428571427,6.933,22.706714285714288
2021,13,2021-04-11,3.0,bulletin:prose,,,20.93268656716418,13.893560767590618,28.94950959488273,0.4956716417910448,22.156695095948827,24.877714285714283,17.68585714285714,32.98757142857143,1.02,19.72471428571429
2021,14,2021-04-18,1.0,bulletin:prose,,,21.759850746268658,15.34733475479744,29.016780383795307,11.62268656716418,31.92415778251599,25.697857142857146,19.334,33.01871428571429,16.226,28.078142857142858
2021,15,2021-04-25,4.0,bulletin:prose,,,20.451108742004266,13.603262260127932,27.566631130063968,18.75089552238806,40.5047974413646,24.787714285714284,18.042428571428573,31.886571428571425,16.776000000000003,35.74485714285714
2021,16,2021-05-02,5.0,bulletin:prose,,,22.716439232409382,16.24189765458422,29.434733475479746,7.704925373134329,38.91319829424307,26.18957142857143,19.87657142857143,32.742000000000004,11.963,36.601
2021,17,2021-05-09,3.0,bulletin:prose,,,20.500575692963753,15.747675906183368,25.76317697228145,42.2710447761194,59.51855010660981,23.511714285714284,18.89014285714286,28.507714285714286,53.126,58.42471428571429
2021,18,2021-05-16,0.0,bulletin:prose,,,20.576695095948825,15.33413646055437,26.142942430703627,31.46,58.915053304904056,24.041428571428572,18.773000000000003,29.522000000000002,34.086,54.706857142857146
2021,19,2021-05-23,0.0,bulletin:prose,,,22.23466950959488,17.04168443496802,28.04304904051173,41.961194029850745,59.23750533049041,25.793714285714287,20.832285714285714,31.75542857142857,29.169,57.09285714285714
2021,20,2021-05-30,0.0,bulletin:prose,,,22.457739872068228,17.93993603411514,27.378358208955227,114.83835820895523,68.70513859275054,25.359714285714286,21.673142857142857,29.78985714285714,138.06,71.91242857142856
2021,21,2021-06-06,4.0,bulletin:prose,,,22.85716417910448,18.27720682302772,27.758230277185504,21.470298507462687,69.9661407249467,25.637857142857143,21.784714285714283,30.02528571428571,21.901,72.83871428571429
2021,22,2021-06-13,0.0,bulletin:prose,,,22.80302771855011,19.290341151385928,26.937036247334753,68.7379104477612,78.70437100213219,25.147000000000002,22.176714285714286,28.764857142857142,68.66900000000001,80.27185714285714
2021,23,2021-06-20,1.0,bulletin:prose,,,21.70004264392324,18.982878464818764,24.795095948827292,132.88134328358208,86.7855223880597,24.206,21.751428571428573,27.020999999999997,108.175,88.179
2021,24,2021-06-27,1.0,bulletin:prose,,,22.316311300639658,19.40816631130064,25.591471215351813,69.50388059701493,85.15072494669509,24.62385714285714,22.37657142857143,27.421,76.771,89.05071428571429
2021,25,2021-07-04,1.0,bulletin:prose,,,22.788784648187633,19.607100213219617,26.281428571428574,125.40835820895524,85.23351812366738,24.612142857142857,22.35314285714286,27.22542857142857,181.35,90.65271428571428
2021,26,2021-07-11,7.0,bulletin:prose,,,22.690575692963755,20.015479744136464,25.774776119402986,57.11402985074627,87.45972281449895,24.708428571428573,22.655714285714286,27.179714285714283,84.392,90.539
2021,27,2021-07-18,11.0,bulletin:prose,,,22.34185501066098,19.851087420042646,25.315543710021323,79.3055223880597,89.2402132196162,24.596714285714285,22.356142857142856,27.20285714285714,90.877,90.07885714285715
2021,28,2021-07-25,5.0,bulletin:prose,,,22.777590618336887,20.097313432835822,25.971172707889124,108.9220895522388,88.7941791044776,25.098000000000003,22.702857142857145,28.033714285714286,96.639,89.27328571428572
2021,29,2021-08-01,4.0,bulletin:prose,,,22.701641791044775,20.07004264392324,25.743411513859275,78.7586567164179,88.52850746268656,24.982857142857146,22.72414285714286,27.58757142857143,96.107,89.43657142857143
2021,30,2021-08-08,15.0,bulletin:prose,,,22.70597014925373,19.87405117270789,25.876481876332623,60.29044776119403,86.96827292110875,25.09357142857143,22.541857142857143,27.82042857142857,81.013,87.25757142857142
2021,31,2021-08-15,12.0,bulletin:prose,,,22.621705756929636,20.111940298507463,25.719189765458424,102.71522388059702,90.46742004264392,24.886285714285712,22.707428571428572,27.603857142857144,110.454,91.89728571428572
2021,32,2021-08-22,8.0,bulletin:prose,,,21.97046908315565,19.487889125799576,24.994712153518126,76.46402985074627,90.17507462686567,24.06414285714286,21.874714285714283,26.64742857142857,99.82000000000001,91.59857142857143
2021,33,2021-08-29,6.0,bulletin:prose,,,21.50545842217484,19.366737739872068,24.183240938166314,177.9823880597015,92.98332622601279,23.89257142857143,21.95357142857143,26.287285714285712,192.317,93.80842857142856
2021,34,2021-09-05,9.0,bulletin:prose,,,21.485053304904053,18.891748400852876,24.60498933901919,74.61149253731344,89.9009381663113,23.844857142857144,21.687714285714286,26.45814285714286,85.89099999999999,91.55071428571429
2021,35,2021-09-12,10.0,bulletin:prose,,,21.412515991471214,18.903027718550106,24.44268656716418,39.97029850746269,88.68918976545842,23.98685714285714,21.825714285714284,26.554857142857145,47.177,89.462
2021,36,2021-09-19,19.0,bulletin:prose,,,21.123987206823028,18.425842217484007,24.359594882729212,40.37880597014926,87.74590618336887,23.59642857142857,21.284285714285716,26.386571428571433,34.952,89.03514285714286
2021,37,2021-09-26,16.0,bulletin:prose,,,21.12179104477612,18.386950959488274,24.411151385927507,38.84492537313433,88.60200426439232,23.751428571428573,21.171714285714284,26.82314285714286,37.988,89.10814285714285
2021,38,2021-10-03,24.0,bulletin:prose,,,20.619680170575695,18.058081023454157,23.8301066098081,34.69701492537313,88.28560767590618,23.10328571428571,21.036142857142856,25.732857142857142,44.02,89.114
2021,39,2021-10-10,12.0,bulletin:prose,,,20.35697228144989,17.089232409381665,24.581194029850746,27.783432835820896,86.20496801705757,22.948428571428572,20.276,26.573857142857143,36.077999999999996,90.57585714285715
2021,40,2021-10-17,8.0,bulletin:prose,,,21.00959488272921,17.55240938166311,25.374989339019187,16.395820895522387,78.11155650319829,24.133285714285712,21.518142857142855,27.546857142857142,13.552000000000001,85.14114285714285
2021,41,2021-10-24,19.0,bulletin:prose,,,17.897675906183366,15.08049040511727,21.54046908315565,115.26358208955223,87.93840085287847,20.879285714285714,18.62314285714286,23.922,111.138,90.99714285714286
2021,42,2021-10-31,21.0,bulletin:prose,,,15.77912579957356,12.204712153518123,20.65311300639659,0.47746268656716423,80.08965884861406,19.34585714285714,16.509285714285717,23.571571428571428,0.893,85.81828571428572
2021,43,2021-11-07,18.0,bulletin:prose,,,13.990426439232408,10.146588486140725,19.278848614072494,0.0013432835820895521,73.22622601279318,17.439714285714285,14.37657142857143,21.966,0.0,81.34142857142857
2021,44,2021-11-14,20.0,bulletin:prose,,,14.430127931769723,10.624797441364604,19.82597014925373,0.10895522388059702,72.6844776119403,17.469,14.312857142857144,22.140714285714285,0.27,85.07114285714286
2021,45,2021-11-21,18.0,bulletin:prose,,,13.814584221748401,10.0863539445629,19.333496801705756,0.09417910447761194,71.93381663113007,16.79242857142857,13.60142857142857,21.595714285714287,0.16999999999999998,83.072
2021,46,2021-11-28,15.0,bulletin:prose,,,11.949658848614073,8.273518123667378,17.184243070362474,0.15626865671641793,77.24302771855011,14.938285714285715,11.731142857142856,19.467000000000002,0.413,85.65314285714285
2021,47,2021-12-05,4.0,bulletin:prose,,,13.648507462686569,9.978017057569296,18.888336886993603,6.067611940298507,72.36639658848614,16.693142857142856,13.531571428571429,21.260142857142856,1.103,80.54485714285714
2021,48,2021-12-12,4.0,bulletin:prose,,,11.182558635394455,7.205756929637526,16.92219616204691,1.0425373134328357,68.73584221748402,14.850142857142856,11.667571428571428,19.741857142857143,0.45999999999999996,74.24442857142857
2021,49,2021-12-19,6.0,bulletin:prose,,,9.255138592750532,5.002537313432836,15.476886993603411,0.0,61.135053304904055,13.02057142857143,9.156714285714285,18.84942857142857,0.0,66.29271428571428
2021,50,2021-12-26,4.0,bulletin:prose,,,8.62230277185501,4.559680170575693,14.360788912579958,0.23507462686567165,68.37228144989339,12.058714285714284,8.555714285714284,17.07257142857143,0.23499999999999996,75.48785714285714
2021,51,2022-01-02,2.0,bulletin:prose,,,8.024434968017058,4.526439232409382,13.113091684434968,22.19044776119403,75.41780383795309,11.710714285714285,8.739857142857144,16.34942857142857,25.307,78.61828571428572
2021,52,2022-01-09,4.0,bulletin:prose,,,9.67914712153518,5.98501066098081,15.172281449893392,6.427761194029851,73.19972281449894,13.350285714285715,10.001999999999999,18.639714285714284,0.757,73.86014285714285
2022,1,2022-01-16,5.0,bulletin:prose,,,8.446034115138593,4.101961620469083,14.448358208955224,3.736716417910448,71.85526652452025,12.459,8.736142857142857,17.88957142857143,3.2969999999999997,75.41214285714287
2022,2,2022-01-23,2.0,bulletin:prose,,,8.127057569296374,4.3862686567164175,13.424776119402985,4.515970149253731,75.69051172707888,11.808,8.304571428571428,16.772142857142857,2.011,73.598
2022,3,2022-01-30,2.0,bulletin:prose,,,7.092558635394456,2.964733475479744,12.940106609808103,3.5025373134328355,75.26287846481877,10.518428571428572,6.728428571428571,15.890428571428572,1.068,75.44485714285715
2022,4,2022-02-06,1.0,bulletin:prose,,,7.154818763326226,2.5105330490405118,12.831492537313432,36.54268656716418,74.88277185501066,10.693999999999999,6.767714285714286,15.678,34.209,75.23171428571429
2022,5,2022-02-13,0.0,bulletin:prose,,,8.40948827292111,3.4876545842217483,14.595181236673774,5.044626865671642,72.32006396588486,11.97342857142857,7.496857142857143,17.65685714285714,0.393,72.39485714285715
2022,6,2022-02-20,0.0,bulletin:prose,,,9.83272921108742,4.947782515991471,16.33356076759062,2.8076119402985076,67.86767590618336,13.791999999999998,9.395999999999999,19.96485714285714,3.075,65.03614285714285
2022,7,2022-02-27,0.0,bulletin:prose,,,11.132430703624733,5.912963752665245,17.325628997867806,3.4192537313432836,64.22778251599148,14.989857142857142,9.994428571428571,20.970285714285716,2.15,60.36371428571429
2022,8,2022-03-06,0.0,bulletin:prose,,,13.412473347547975,7.549168443496802,20.73311300639659,0.6452238805970149,53.77569296375267,17.49557142857143,12.365857142857143,24.472,0.63,50.09557142857143
2022,9,2022-03-13,1.0,bulletin:prose,,,16.678528784648186,10.82407249466951,24.06577825159915,0.0,50.80652452025586,20.883714285714284,15.641142857142858,28.10571428571428,0.0,44.92242857142857
2022,10,2022-03-20,2.0,bulletin:prose,,,20.443965884861406,14.939914712153518,27.24362473347548,0.7177611940298508,53.273368869936036,24.15,18.829714285714285,30.859,1.498,47.132714285714286
2022,11,2022-03-27,1.0,bulletin:prose,,,19.634605543710023,13.517462686567164,26.906204690831558,5.354029850746269,46.823688699360346,23.558,17.63242857142857,30.616714285714284,7.382,41.21085714285714
2022,12,2022-04-03,8.0,bulletin:prose,,,20.686801705756928,14.532921108742004,27.68311300639659,6.632835820895523,45.507953091684435,23.64,17.801142857142857,30.023142857142858,10.364,48.35442857142857
2022,13,2022-04-10,2.0,bulletin:prose,,,21.44356076759062,14.791130063965884,28.74460554371002,12.9544776119403,41.803006396588486,24.621000000000002,18.460285714285714,31.456714285714288,18.078,44.291000000000004
2022,14,2022-04-17,2.0,bulletin:prose,,,21.904392324093816,15.29219616204691,29.267206823027717,5.636567164179104,39.33061833688699,25.443571428571428,19.216714285714286,32.69,4.215000000000001,37.88771428571429
2022,15,2022-04-24,5.0,bulletin:prose,,,22.140426439232407,15.655607675906184,29.221279317697228,11.041791044776119,42.81439232409382,25.175714285714285,19.132285714285715,31.983714285714285,18.453,45.42914285714286
2022,16,2022-05-01,3.0,bulletin:prose,,,23.315756929637526,16.71330490405117,30.41631130063966,11.329104477611942,38.53185501066098,26.391571428571428,20.15957142857143,33.26642857142857,16.012999999999998,39.24742857142857
2022,17,2022-05-08,5.0,bulletin:prose,,,21.33125799573561,16.808315565031982,26.403475479744138,43.4655223880597,66.1823880597015,23.866,19.76957142857143,28.51142857142857,53.138,70.07642857142858
2022,18,2022-05-15,5.0,bulletin:prose,,,23.23134328358209,18.29492537313433,28.467356076759064,26.84328358208955,62.968656716417904,25.95471428571428,21.164,30.898142857142858,28.301,64.35442857142857
2022,19,2022-05-22,4.0,bulletin:prose,,,23.49373134328358,17.754840085287846,29.666567164179106,32.70910447761194,53.72347547974414,26.402571428571427,20.99028571428571,32.28514285714285,47.273,57.14914285714285
2022,20,2022-05-29,3.0,bulletin:prose,,,22.192985074626865,17.34221748400853,27.118805970149253,25.299402985074625,58.95217484008529,25.22657142857143,20.62042857142857,29.83914285714286,40.438,58.51642857142857
2022,21,2022-06-05,3.0,bulletin:prose,,,24.3410447761194,18.3317697228145,30.298358208955225,23.39701492537313,52.523560767590624,26.699285714285715,21.83857142857143,31.787,39.263999999999996,60.681000000000004
2022,22,2022-06-12,6.0,bulletin:prose,,,24.608315565031983,19.32042643923241,30.259189765458423,51.94313432835821,57.32697228144989,26.356,21.990714285714287,31.13542857142857,80.503,66.35628571428572
2022,23,2022-06-19,5.0,bulletin:prose,,,24.391023454157782,20.015650319829426,29.308742004264392,66.35597014925374,67.2666524520256,25.867857142857144,22.318857142857144,29.940428571428573,119.199,76.69757142857142
2022,24,2022-06-26,21.0,bulletin:prose,,,23.345266524520255,19.33754797441365,27.83637526652452,47.615970149253734,73.76040511727078,24.92685714285714,21.719,28.485000000000003,66.082,80.52714285714285
2022,25,2022-07-03,31.0,bulletin:prose,,,22.588187633262258,19.54132196162047,26.306652452025585,73.26059701492538,84.20004264392324,24.186857142857143,21.652857142857144,27.22142857142857,110.112,88.86157142857144
2022,26,2022-07-10,24.0,bulletin:prose,,,23.82087420042644,20.352537313432833,27.96277185501066,42.700447761194035,81.32810234541577,25.490571428571428,22.495142857142856,28.963142857142856,43.646,86.06271428571429
2022,27,2022-07-17,58.0,bulletin:prose,,,23.894200426439234,20.36051172707889,27.88592750533049,11.112537313432835,78.4890831556503,25.70057142857143,22.848,28.983428571428572,8.540000000000001,84.10571428571428
2022,28,2022-07-24,64.0,bulletin:prose,,,23.04675906183369,20.05213219616205,26.712132196162045,83.36268656716418,83.75550106609808,24.882285714285715,22.294857142857143,27.88042857142857,94.627,87.06471428571429
2022,29,2022-07-31,109.0,bulletin:prose,,,21.99134328358209,19.12409381663113,25.482665245202558,85.36432835820895,86.00867803837953,24.052285714285716,21.463,27.1,111.32300000000001,87.27114285714285
2022,30,2022-08-07,147.0,bulletin:prose,,,22.365181236673774,19.640724946695094,25.60226012793177,100.42313432835822,87.59944562899787,24.621142857142857,22.274142857142856,27.409285714285716,115.593,88.86128571428571
2022,31,2022-08-14,168.0,bulletin:prose,,,23.105074626865672,19.663027718550104,27.061556503198293,40.259552238805966,84.05852878464819,25.12014285714286,22.09057142857143,28.587857142857143,34.036,86.91314285714284
2022,32,2022-08-21,295.0,bulletin:prose,,,22.606098081023454,19.46688699360341,26.340106609808103,37.27507462686567,84.77761194029851,24.813,22.012857142857143,28.110714285714284,41.453,86.78585714285714
2022,33,2022-08-28,567.0,bulletin:prose,,,22.72722814498934,19.75315565031983,26.400213219616205,72.22507462686568,85.61422174840085,24.72085714285714,22.214142857142857,27.782285714285713,87.899,87.191
2022,34,2022-09-04,815.0,bulletin:prose,,,21.966439232409382,19.299402985074625,25.40643923240938,82.4034328358209,89.55528784648187,24.076714285714285,21.734,27.007714285714286,95.864,91.43985714285714
2022,35,2022-09-11,1371.0,bulletin:prose,,,21.614797441364605,18.800277185501066,25.11409381663113,43.22462686567164,86.8956289978678,23.794,21.509142857142855,26.599428571428568,57.80499999999999,89.26442857142857
2022,36,2022-09-18,2082.0,bulletin:prose,,,20.686183368869937,18.145586353944562,23.903901918976548,99.73731343283582,89.08588486140724,23.176714285714286,20.893142857142855,26.068285714285715,69.087,89.80971428571429
2022,37,2022-09-25,2929.0,bulletin:prose,,,21.28411513859275,18.799850746268657,24.501961620469086,46.452238805970154,88.69289978678037,23.894714285714286,21.60557142857143,26.880571428571432,44.765,89.31057142857142
2022,38,2022-10-02,2639.0,bulletin:prose,,,20.37850746268657,16.98803837953092,24.48716417910448,14.268358208955224,84.30021321961621,23.192285714285713,20.27585714285714,26.913285714285713,23.205000000000002,86.32114285714286
2022,39,2022-10-09,1769.0,bulletin:prose,,,19.50735607675906,17.03095948827292,22.64588486140725,166.11044776119402,88.3546908315565,22.573,20.313,25.509857142857143,123.2,88.4567142857143
2022,40,2022-10-16,1882.0,bulletin:prose,,,17.911066098081022,14.817953091684435,21.974605543710023,18.648208955223883,83.58240938166311,21.113857142857142,18.286571428571428,25.038142857142855,19.714999999999996,83.57342857142858
2022,41,2022-10-23,2140.0,bulletin:prose,,,16.518976545842218,12.764371002132197,21.33545842217484,0.12686567164179105,74.5969936034115,19.970714285714287,16.38857142857143,24.697142857142858,0.009,72.63442857142857
2022,42,2022-10-30,1585.0,bulletin:prose,,,15.994434968017059,12.218422174840086,20.970831556503196,0.12477611940298507,77.93965884861407,18.93542857142857,15.56057142857143,23.403714285714287,0.22399999999999998,79.72028571428571
2022,43,2022-11-06,986.0,bulletin:table2,,,15.975671641791044,12.267953091684435,20.932004264392326,0.00044776119402985075,79.18872068230277,19.057285714285715,15.717857142857142,23.489714285714285,0.0,81.11814285714286
2022,44,2022-11-13,996.0,bulletin:prose,,,14.195138592750533,10.700149253731343,19.10400852878465,0.0653731343283582,77.88034115138592,17.459,14.365,21.96957142857143,0.071,80.25
2022,45,2022-11-20,768.0,bulletin:prose,,,13.265458422174842,9.516737739872069,18.746183368869936,0.41432835820895525,74.47208955223881,16.404,13.009714285714285,21.384999999999998,0.714,75.449
2022,46,2022-11-27,464.0,bulletin:prose,,,13.659147121535183,9.721449893390192,19.635373134328358,0.0,68.08494669509595,16.458000000000002,12.859714285714286,21.897285714285715,0.0,73.01085714285713
2022,47,2022-12-04,287.0,bulletin:prose,,,12.991044776119402,9.21773987206823,18.89138592750533,0.0,67.8857356076759,15.931428571428572,12.433285714285715,21.446571428571428,0.0,70.46700000000001
2022,48,2022-12-11,204.0,bulletin:prose,,,12.045373134328358,8.035948827292112,18.397164179104475,0.0,63.01159914712154,14.984428571428571,11.36057142857143,20.931285714285714,0.0,69.81271428571429
2022,49,2022-12-18,162.0,bulletin:prose,,,11.650703624733474,7.577675906183369,17.954434968017058,0.9020895522388059,62.13701492537314,14.390714285714285,10.680714285714286,20.125714285714288,0.027000000000000003,69.95985714285715
2022,50,2022-12-25,86.0,bulletin:prose,,,10.730767590618337,6.823795309168444,16.993006396588484,0.013582089552238807,63.303475479744144,14.114285714285714,10.462714285714286,20.11857142857143,0.006,67.95628571428571
2022,51,2023-01-01,80.0,bulletin:prose,,,8.902388059701494,4.9245202558635395,14.854456289978677,0.044477611940298506,69.16575692963752,11.856857142857143,8.088857142857142,17.532999999999998,0.067,68.0837142857143
2022,52,2023-01-08,71.0,bulletin:prose,,,8.609893390191898,4.082473347547975,15.513432835820897,0.0,56.345266524520255,12.039285714285715,8.033142857142858,18.785857142857143,0.0,54.581857142857146
2023,1,2023-01-15,48.0,bulletin:prose,,,9.764648187633261,5.467057569296375,16.41034115138593,0.05746268656716418,59.6557356076759,12.958285714285713,8.865857142857143,19.564285714285713,0.003,56.406142857142854
2023,2,2023-01-22,24.0,bulletin:prose,,,8.75547974413646,4.506055437100213,15.3017697228145,0.1208955223880597,58.35002132196162,12.087,8.089285714285714,18.60057142857143,0.003,57.23100000000001
2023,3,2023-01-29,21.0,bulletin:prose,,,12.018123667377399,7.062622601279318,19.124648187633262,8.424328358208955,55.68631130063966,16.044,11.374857142857142,23.098857142857142,0.29,52.45428571428572
2023,4,2023-02-05,24.0,bulletin:prose,,,11.886140724946694,6.551918976545843,19.44786780383795,0.14686567164179104,50.080000000000005,15.547999999999998,10.589571428571428,22.886,0.0,49.33942857142857
2023,5,2023-02-12,21.0,bulletin:prose,,,11.85362473347548,6.884669509594883,18.87575692963753,0.13029850746268656,56.18503198294243,15.46642857142857,10.608142857142857,22.42157142857143,0.118,51.335428571428565
2023,6,2023-02-19,16.0,bulletin:prose,,,13.663326226012794,7.9169296375266525,21.267142857142858,0.020895522388059702,44.99144989339019,16.398857142857143,10.771857142857142,23.877714285714283,0.018,42.22042857142857
2023,7,2023-02-26,33.0,bulletin:prose,,,14.763283582089551,9.36592750533049,22.024861407249468,4.031940298507463,46.687484008528784,18.486857142857144,13.211714285714285,25.668142857142858,4.072,42.60742857142857
2023,8,2023-03-05,37.0,bulletin:prose,,,15.453496801705755,9.658912579957356,22.70914712153518,1.4377611940298507,48.034285714285716,19.223857142857145,13.602571428571428,26.292142857142856,1.7440000000000002,42.29571428571428
2023,9,2023-03-12,39.0,bulletin:prose,,,16.222388059701494,10.642771855010661,23.301428571428573,0.7055223880597016,47.33974413646055,20.227857142857143,14.706428571428571,27.566142857142857,0.547,39.017714285714284
2023,10,2023-03-19,61.0,bulletin:prose,,,16.082345415778253,11.300852878464818,21.912515991471214,11.188358208955224,57.568443496801706,19.947857142857142,15.048714285714286,25.76328571428571,12.974,51.715999999999994
2023,11,2023-03-26,44.0,bulletin:prose,,,15.022132196162048,10.23042643923241,20.749402985074628,28.09,65.66814498933901,18.93242857142857,14.038999999999998,24.747714285714288,25.275,59.95171428571429
2023,12,2023-04-02,31.0,bulletin:prose,,,16.178976545842218,10.607398720682303,22.457547974413647,20.693432835820897,53.88663113006397,20.389714285714284,14.800428571428572,26.80857142857143,20.369,45.236285714285714
2023,13,2023-04-09,51.0,bulletin:prose,,,18.339722814498934,11.556950959488272,25.98006396588486,2.632537313432836,44.27842217484009,22.67157142857143,16.077142857142857,30.344142857142856,3.17,38.70771428571429
2023,14,2023-04-16,29.0,bulletin:prose,,,21.496737739872067,14.672174840085288,29.20315565031983,0.09492537313432835,36.544754797441364,25.511142857142858,18.546142857142858,33.37442857142857,0.08499999999999999,30.18557142857143
2023,15,2023-04-23,20.0,bulletin:prose,,,22.26684434968017,15.736460554371002,29.438251599147122,6.502985074626865,40.107121535181236,26.662142857142857,20.062428571428573,34.08642857142857,8.774000000000001,33.69428571428571
2023,16,2023-04-30,31.0,bulletin:prose,,,19.20004264392324,13.954690831556505,24.730127931769726,21.07910447761194,54.76127931769723,23.266285714285715,17.679000000000002,29.150714285714287,20.749000000000002,48.48614285714285
2023,17,2023-05-07,35.0,bulletin:prose,,,19.268187633262258,14.27277185501066,24.69776119402985,11.027910447761194,59.50140724946695,23.32014285714286,18.17685714285714,28.99242857142857,8.892,53.15857142857143
2023,18,2023-05-14,21.0,bulletin:prose,,,22.47793176972281,15.529402985074627,29.615138592750533,3.4483582089552236,36.314776119402985,26.628571428571426,19.647285714285715,34.02357142857143,4.234,31.825142857142858
2023,19,2023-05-21,31.0,bulletin:prose,,,22.697505330490404,16.664690831556502,28.99588486140725,25.36850746268657,50.8,25.543142857142858,19.59842857142857,31.699714285714286,39.994,51.33014285714286
2023,20,2023-05-28,33.0,bulletin:prose,,,21.942899786780384,16.73865671641791,27.59722814498934,41.19417910447761,60.021023454157785,25.24814285714286,20.249285714285712,30.812857142857144,45.443,58.40657142857143
2023,21,2023-06-04,23.0,bulletin:prose,,,24.298763326226016,18.09042643923241,30.754925373134327,1.1765671641791045,47.28936034115139,28.24185714285714,22.031142857142857,34.80985714285714,0.5700000000000001,42.416714285714285
2023,22,2023-06-11,18.0,bulletin:prose,,,25.835223880597017,19.519701492537312,31.906119402985077,5.654776119402985,46.23262260127932,29.516571428571428,23.250714285714288,35.44757142857143,7.08,43.63028571428571
2023,23,2023-06-18,36.0,bulletin:prose,,,26.10765458422175,20.84501066098081,31.82121535181237,53.20522388059702,58.65515991471216,28.656571428571432,23.652571428571427,34.17114285714286,88.34299999999999,59.87171428571429
2023,24,2023-06-25,61.0,bulletin:prose,,,25.50786780383795,21.127526652452026,30.460660980810232,22.720597014925374,66.40652452025587,27.740285714285715,23.505857142857142,32.41657142857143,23.801,66.61585714285714
2023,25,2023-07-02,125.0,bulletin:prose,,,23.30820895522388,20.116012793176974,27.34132196162047,106.74044776119402,80.26618336886995,25.58257142857143,22.584142857142858,29.42757142857143,103.86200000000001,80.87771428571429
2023,26,2023-07-09,122.0,bulletin:prose,,,23.066524520255864,20.086268656716417,26.616588486140728,62.19671641791045,85.17046908315565,25.31757142857143,22.727285714285717,28.455714285714286,73.272,86.47985714285714
2023,27,2023-07-16,202.0,bulletin:prose,,,23.256695095948828,20.432409381663113,26.662942430703623,89.16671641791045,86.80095948827292,25.40957142857143,22.999428571428574,28.44457142857143,119.792,88.18428571428572
2023,28,2023-07-23,275.0,bulletin:prose,,,23.246268656716417,20.105117270788913,26.867953091684434,54.759850746268654,83.97660980810234,25.580571428571428,22.675428571428572,28.930142857142858,55.144000000000005,84.57614285714286
2023,29,2023-07-30,340.0,bulletin:prose,,,22.686226012793174,19.868251599147122,26.021556503198294,80.71179104477612,86.67046908315565,25.013142857142856,22.439285714285713,27.975,96.59400000000001,86.80271428571429
2023,30,2023-08-06,673.0,bulletin:prose,,,23.199360341151387,20.481130063965885,26.513923240938166,58.51179104477612,87.18492537313433,25.438142857142857,22.914428571428573,28.54528571428572,58.168000000000006,87.10028571428572
2023,31,2023-08-13,876.0,bulletin:prose,,,22.356226012793176,20.047462686567165,25.258017057569297,164.08492537313433,91.84944562899787,24.674714285714284,22.56114285714286,27.42942857142857,189.804,92.07642857142858
2023,32,2023-08-20,983.0,bulletin:prose,,,22.631513859275056,19.8490618336887,26.007547974413644,57.72313432835821,88.47194029850746,25.023857142857146,22.440714285714286,28.142714285714284,54.944,89.03785714285713
2023,33,2023-08-27,1114.0,bulletin:prose,,,21.87993603411514,19.499424307036247,24.932004264392326,123.90059701492538,91.34908315565032,24.235,22.11214285714286,26.873571428571427,161.78699999999998,92.12928571428571
2023,34,2023-09-03,1386.0,bulletin:prose,,,22.34588486140725,19.461108742004264,25.840063965884863,20.50671641791045,89.08974413646055,24.51942857142857,21.99442857142857,27.627428571428574,25.354999999999997,90.04228571428571
2023,35,2023-09-10,1304.0,bulletin:prose,,,21.840533049040513,19.182409381663113,25.173411513859275,40.205820895522386,85.02147121535182,24.566428571428574,22.338571428571427,27.392000000000003,35.658,85.68842857142857
2023,36,2023-09-17,1156.0,bulletin:prose,,,22.20507462686567,19.373688699360343,25.614157782515992,29.631641791044775,87.0839658848614,24.687857142857144,21.968857142857143,27.893857142857144,34.562,87.37214285714285
2023,37,2023-09-24,1418.0,bulletin:prose,,,21.12912579957356,18.376119402985076,24.576162046908316,68.3431343283582,87.99078891257996,23.46242857142857,21.218,26.287714285714287,97.881,88.64485714285715
2023,38,2023-10-01,1365.0,bulletin:prose,,,21.168358208955222,18.09038379530917,24.958464818763325,15.982686567164178,85.67970149253732,23.768142857142855,21.329428571428572,26.863714285714288,22.875,88.595
2023,39,2023-10-08,1619.0,bulletin:prose,,,20.260063965884864,17.488102345415776,23.863816631130064,53.42164179104478,87.77940298507463,22.764285714285712,20.460714285714282,25.723000000000003,69.869,90.098
2023,40,2023-10-15,1755.0,bulletin:prose,,,18.87825159914712,15.273795309168444,23.448848614072496,5.713880597014925,77.80831556503199,21.84357142857143,18.675714285714285,25.780142857142856,9.17,81.65271428571428
2023,41,2023-10-22,1580.0,bulletin:prose,,,16.628571428571426,13.013816631130064,21.324200426439234,6.544925373134328,75.31134328358209,20.024571428571427,16.824,24.18642857142857,6.33,77.37485714285714
2023,42,2023-10-29,1251.0,bulletin:prose,,,16.5653091684435,12.881961620469083,21.393880597014928,0.26910447761194034,72.32688699360341,19.815857142857144,16.593857142857143,24.058,0.014000000000000002,73.9782857142857
2023,43,2023-11-05,973.0,bulletin:prose,,,16.44268656716418,12.881002132196162,21.39223880597015,0.13298507462686568,70.35407249466951,19.51014285714286,16.516,23.677142857142858,0.11400000000000002,74.15742857142857
2023,44,2023-11-12,634.0,bulletin:prose,,,14.894221748400854,11.174882729211088,20.16970149253731,0.534179104477612,70.23076759061834,18.01657142857143,14.824714285714284,22.50342857142857,0.071,72.74657142857143
2023,45,2023-11-19,634.0,bulletin:prose,,,15.815628997867805,12.059147121535181,21.099232409381663,0.0019402985074626867,71.51083155650319,18.822285714285716,15.54857142857143,23.39128571428571,0.009999999999999998,73.96114285714285
2023,46,2023-11-26,350.0,bulletin:prose,,,14.59413646055437,10.798208955223881,20.123347547974415,0.0008955223880597015,68.49669509594882,17.611285714285714,14.391285714285715,22.334714285714288,0.0,72.14785714285713
2023,47,2023-12-03,354.0,bulletin:prose,,,14.228827292110873,10.40773987206823,19.691257995735608,0.5774626865671642,65.76012793176973,17.731428571428573,14.158857142857144,22.761857142857146,0.062,67.81142857142856
2023,48,2023-12-10,256.0,interpolated,,,12.489402985074626,8.558358208955223,18.318571428571428,3.0938805970149255,66.31533049040512,16.018142857142855,12.462857142857143,21.29228571428572,3.463,68.79228571428573
2023,49,2023-12-17,159.0,bulletin:prose,,,10.479722814498935,6.390127931769722,16.81036247334755,0.2317910447761194,58.16682302771855,13.557142857142859,9.861428571428572,19.346,0.079,61.17885714285715
2023,50,2023-12-24,136.0,bulletin:prose,,,11.974605543710021,7.913304904051173,18.21002132196162,0.0,55.97842217484009,14.736285714285714,11.091571428571429,20.383857142857142,0.0,63.138571428571424
2023,51,2023-12-31,109.0,bulletin:prose,,,11.833326226012794,7.950106609808103,18.03136460554371,0.004477611940298508,59.94,14.902428571428572,11.287142857142857,20.69457142857143,0.018,65.41742857142857
2023,52,2024-01-07,51.0,bulletin:prose,,,9.932046908315565,5.988699360341151,16.240362473347545,0.09671641791044777,56.38842217484009,13.472,9.873000000000001,19.564714285714285,0.051000000000000004,59.67785714285715
2024,1,2024-01-14,31.0,bulletin:prose,,,10.2709381663113,5.757633262260128,17.129616204690834,0.0,51.12948827292111,13.124857142857143,9.042,19.591285714285714,0.0,56.58842857142857
2024,2,2024-01-21,57.0,bulletin:prose,,,8.393752665245204,4.255330490405117,14.828422174840085,0.03955223880597015,58.61880597014925,11.660857142857143,7.744714285714285,17.951428571428572,0.031,57.12285714285714
2024,3,2024-01-28,39.0,bulletin:prose,,,7.888678038379531,3.4801705756929637,14.574243070362474,0.044328358208955226,53.31575692963752,11.159285714285714,6.886428571428572,17.785285714285713,0.03,51.412
2024,4,2024-02-04,39.0,bulletin:prose,,,9.113027718550107,4.423262260127932,15.934690831556502,4.456268656716418,55.538720682302774,12.646,8.044285714285714,19.451142857142855,0.958,50.48871428571429
2024,5,2024-02-11,41.0,bulletin:prose,,,9.65588486140725,4.273582089552239,17.357334754797442,0.19567164179104476,46.16422174840085,13.306285714285716,8.129142857142856,20.90042857142857,0.10200000000000001,44.50628571428572
2024,6,2024-02-18,47.0,bulletin:prose,,,12.413582089552238,7.76678038379531,19.04057569296375,1.0902985074626865,45.97194029850746,15.896285714285714,11.652285714285714,22.135714285714283,1.169,44.86014285714286
2024,7,2024-02-25,36.0,bulletin:prose,,,11.562515991471216,6.298784648187633,18.419637526652455,1.4400000000000002,47.08846481876333,15.767571428571426,10.642999999999999,22.571285714285715,1.279,41.785
2024,8,2024-03-03,38.0,bulletin:prose,,,13.536268656716418,8.217420042643923,20.730682302771854,16.866119402985074,49.100149253731345,17.469142857142856,12.267285714285714,24.78257142857143,4.7170000000000005,42.32614285714286
2024,9,2024-03-10,43.0,bulletin:prose,,,13.654307036247335,7.429978678038379,21.490682302771855,0.42820895522388064,41.84957356076759,17.86,11.956857142857142,25.78857142857143,0.22200000000000003,36.73857142857143
2024,10,2024-03-17,,,,,16.231151385927504,10.184648187633263,24.017910447761196,0.07582089552238806,37.57820895522388,20.46057142857143,14.725285714285715,28.38885714285714,0.11599999999999999,30.777714285714286
2024,11,2024-03-24,,,,,15.760938166311298,10.311748400852878,22.43737739872068,25.456268656716418,51.68494669509595,18.890285714285714,13.95142857142857,25.018142857142855,44.988,52.973285714285716
2024,12,2024-03-31,,,,,19.206098081023455,13.544968017057569,25.933965884861408,1.723134328358209,49.80505330490405,22.10542857142857,16.759,28.42285714285714,2.846,48.559714285714286
2024,13,2024-04-07,,,,,20.604157782515994,14.407867803837954,28.26584221748401,0.008656716417910448,35.3980170575693,24.452285714285715,18.553285714285714,32.18685714285714,0.005,31.921000000000003
2024,14,2024-04-14,,,,,20.385714285714286,13.603901918976545,27.90682302771855,3.074179104477612,31.922473347547974,23.990142857142857,17.214285714285715,31.626285714285718,5.409000000000001,29.40942857142857
2024,15,2024-04-21,,,,,23.04089552238806,16.323326226012792,30.552110874200427,1.9117910447761195,35.372835820895524,26.66514285714286,20.060285714285715,34.07457142857143,2.4859999999999998,32.17471428571429
2024,16,2024-04-28,33.0,bulletin:table4,,,23.478784648187634,16.410255863539444,31.247078891257992,0.2965671641791045,28.783411513859278,27.506857142857143,20.659857142857142,35.53485714285714,0.054000000000000006,24.36714285714286
2024,17,2024-05-05,43.0,interpolated,,,23.415181236673774,16.331961620469084,31.25070362473347,0.546865671641791,23.267825159914715,27.36585714285714,20.603714285714286,35.13314285714286,0.687,18.87242857142857
2024,18,2024-05-12,53.0,bulletin:table4,111.0,118.0,21.123752665245206,16.84678038379531,26.234264392324093,38.49746268656716,62.48501066098082,23.530142857142856,19.570714285714285,28.088,49.616,64.10742857142857
2024,19,2024-05-19,54.0,bulletin:table4,114.0,118.0,24.380298507462687,18.73136460554371,30.476588486140724,10.296417910447762,47.08243070362473,27.310285714285715,22.28142857142857,32.88371428571429,14.311000000000002,49.931428571428576
2024,20,2024-05-26,53.0,bulletin:table4,112.0,118.0,24.69765458422175,19.65317697228145,30.283070362473346,18.09820895522388,59.59029850746269,27.571571428571428,22.50442857142857,33.04114285714286,24.483,59.276857142857146
2024,21,2024-06-02,57.0,bulletin:table4,109.0,118.0,26.170767590618336,19.839765458422175,32.70829424307036,24.7810447761194,48.37703624733475,28.586285714285715,22.982428571428574,34.437571428571424,43.085,55.82085714285714
2024,22,2024-06-09,64.0,bulletin:table4,110.0,118.0,24.90735607675906,18.903859275053303,31.1437526652452,30.29820895522388,51.7743710021322,27.517285714285713,21.969714285714286,33.20014285714286,36.216,55.18714285714285
2024,23,2024-06-16,51.0,bulletin:table4,112.0,118.0,26.91328358208955,20.633859275053307,33.35396588486141,23.70313432835821,47.77571428571429,28.688285714285712,23.54042857142857,34.18085714285714,42.102000000000004,58.072142857142865
2024,24,2024-06-23,92.0,bulletin:table4,107.0,118.0,26.054840085287847,21.581961620469084,31.360213219616206,57.61477611940298,64.62049040511727,27.57857142857143,23.896571428571427,32.13257142857143,85.399,72.20757142857143
2024,25,2024-06-30,65.0,bulletin:table4,109.0,118.0,24.306524520255866,21.176119402985073,28.142558635394458,164.95119402985074,80.53496801705757,25.919714285714285,23.404714285714284,28.942857142857143,224.246,85.73914285714287
2024,26,2024-07-07,93.0,bulletin:table4,113.0,118.0,22.539701492537315,20.29492537313433,25.393987206823027,229.97432835820896,89.82880597014925,24.909857142857142,22.86257142857143,27.466571428571427,225.967,91.16071428571429
2024,27,2024-07-14,97.0,bulletin:table4,111.0,118.0,23.151641791044778,20.40509594882729,26.214882729211087,126.64820895522388,88.83104477611941,25.127857142857145,22.787,27.776428571428575,147.89100000000002,90.31142857142858
2024,28,2024-07-21,98.0,bulletin:table4,111.0,118.0,23.476268656716417,20.774754797441364,26.694221748400853,38.30746268656716,87.66473347547974,25.759142857142855,23.45042857142857,28.545571428571428,40.075,89.20571428571428
2024,29,2024-07-28,131.0,bulletin:table4,113.0,118.0,23.683859275053305,20.72008528784648,27.103049040511728,41.728656716417916,85.253539445629,26.033285714285718,23.375999999999998,28.998285714285714,39.922,86.619
2024,30,2024-08-04,221.0,bulletin:table4,114.0,118.0,23.3136460554371,20.441918976545843,26.702366737739872,79.35268656716418,86.85771855010661,25.30485714285714,22.767285714285713,28.300714285714285,100.735,88.27057142857143
2024,31,2024-08-11,329.0,bulletin:table4,113.0,118.0,22.20138592750533,19.779722814498932,25.134648187633264,110.04865671641791,89.6186567164179,24.53157142857143,22.415285714285716,27.092571428571432,129.921,90.56257142857143
2024,32,2024-08-18,450.0,bulletin:table4,114.0,117.0,22.881471215351812,20.119424307036248,26.036652452025585,80.89462686567164,88.20257995735608,25.219714285714286,22.631285714285717,28.05257142857143,87.657,88.21314285714286
2024,33,2024-08-25,721.0,bulletin:table4,115.0,117.0,22.06637526652452,19.249275053304903,25.33277185501066,17.820746268656716,86.78673773987207,24.51985714285714,21.929,27.593,16.894,86.10285714285715
2024,34,2024-09-01,844.0,bulletin:table4,113.0,117.0,22.51539445628998,19.7227078891258,25.86720682302772,24.28910447761194,86.95831556503198,24.76985714285714,22.344428571428573,27.76585714285714,20.299,88.50385714285714
2024,35,2024-09-08,1056.0,bulletin:table4,116.0,117.0,22.34042643923241,19.430788912579956,25.783518123667378,31.091343283582088,87.18547974413646,24.765857142857143,22.204285714285714,27.789571428571428,32.571000000000005,87.65257142857142
2024,36,2024-09-15,1498.0,bulletin:table4,116.0,117.0,22.034690831556503,19.464264392324097,25.229637526652454,56.644776119402984,87.7772921108742,24.81714285714286,22.649428571428572,27.564142857142862,29.573,88.02857142857142
2024,37,2024-09-22,1983.0,bulletin:table4,112.0,117.0,22.357889125799574,19.15637526652452,26.187484008528788,11.544776119402986,83.21727078891259,25.13342857142857,22.172857142857143,28.657714285714285,7.252,82.175
2024,38,2024-09-29,2323.0,bulletin:table4,111.0,117.0,20.939850746268657,18.556140724946694,23.840874200426438,205.9168656716418,88.65289978678038,23.32957142857143,21.220142857142854,25.82442857142857,310.39,89.253
2024,39,2024-10-06,2197.0,bulletin:table4,110.0,117.0,21.04505330490405,18.09417910447761,24.82098081023454,15.325671641791043,87.90422174840086,23.438,20.965285714285717,26.61242857142857,23.624000000000002,91.14728571428572
2024,40,2024-10-13,2332.0,bulletin:table4,110.0,117.0,19.44780383795309,16.3991684434968,23.53194029850746,2.5786567164179104,83.92017057569296,22.268428571428572,19.715142857142858,25.687142857142856,4.302,88.16928571428572
2024,41,2024-10-20,2279.0,bulletin:table4,110.0,117.0,17.974904051172707,14.850362473347548,22.06688699360341,11.394626865671643,84.14842217484009,20.748571428571427,17.963,24.29885714285714,14.743,86.72214285714286
2024,42,2024-10-27,2602.0,bulletin:table4,114.0,117.0,18.460085287846482,14.954776119402986,22.895756929637525,0.7853731343283582,81.09537313432837,21.237857142857145,18.148857142857143,25.07542857142857,2.022,83.01899999999999
2024,43,2024-11-03,2265.0,bulletin:table4,112.0,117.0,18.545266524520258,15.490831556503199,22.940170575692964,0.9243283582089552,83.38383795309169,21.153714285714287,18.61157142857143,24.821857142857144,1.168,87.37914285714285
2024,44,2024-11-10,1555.0,bulletin:table4,110.0,117.0,17.136247334754795,14.063582089552238,21.41950959488273,0.18417910447761193,82.6565671641791,19.491142857142858,16.583571428571428,23.230857142857143,0.33099999999999996,85.08099999999999
2024,45,2024-11-17,1734.0,bulletin:table4,109.0,117.0,15.486695095948827,11.970405117270788,20.622857142857143,0.1480597014925373,74.78788912579957,18.34957142857143,15.35742857142857,22.59857142857143,0.152,81.38685714285715
2024,46,2024-11-24,1442.0,bulletin:table4,111.0,117.0,13.365351812366738,9.901215351812368,18.492046908315565,0.015223880597014926,74.16985074626866,16.396857142857144,13.427142857142858,20.667857142857144,0.020999999999999998,77.98242857142857
2024,47,2024-12-01,874.0,bulletin:table4,109.0,117.0,12.801108742004264,9.066865671641791,18.201194029850747,0.00044776119402985075,73.18537313432836,15.721857142857143,12.482285714285714,20.253857142857143,0.001,78.97614285714286
2024,48,2024-12-08,524.0,bulletin:table4,130.0,134.0,11.55818763326226,7.495138592750533,17.767611940298508,0.023134328358208955,63.67594882729211,14.478285714285715,10.844,19.797428571428572,0.005,70.11
2024,49,2024-12-15,245.0,bulletin:table4,126.0,134.0,9.888678038379531,5.440895522388059,16.431620469083153,0.3264179104477612,56.93722814498934,12.581285714285714,8.358428571428572,18.552857142857142,0.005,64.126
2024,50,2024-12-22,149.0,bulletin:table4,125.0,134.0,11.72266524520256,7.4140511727078895,18.119893390191898,0.01835820895522388,57.715884861407254,14.488428571428571,10.697285714285714,20.142714285714284,0.016,66.30614285714286
2024,51,2024-12-29,103.0,bulletin:table4,127.0,134.0,11.368358208955224,7.458848614072495,16.965309168443497,1.7459701492537312,65.42202558635395,14.610857142857142,11.085571428571429,19.710571428571427,0.0,69.32242857142857
2024,52,2025-01-05,111.0,bulletin:table4,128.0,134.0,11.480810234541577,7.060511727078891,18.136353944562902,0.00014925373134328358,57.325799573560765,13.696428571428573,9.730428571428572,19.638142857142856,0.0,67.2642857142857
2025,1,2025-01-12,,,,,10.188059701492538,5.818784648187633,16.325628997867806,0.6364179104477612,62.07556503198294,13.185571428571427,9.059857142857144,18.865000000000002,0.729,66.84100000000001
2025,2,2025-01-19,,,,,11.397036247334755,6.922686567164179,18.022345415778254,0.905820895522388,58.649381663113004,14.401999999999997,10.313714285714287,20.457857142857144,0.075,61.11671428571428
2025,3,2025-01-26,,,,,12.033262260127932,7.115138592750533,19.38577825159915,0.004029850746268657,49.19466950959488,14.572571428571427,9.807285714285715,21.380428571428574,0.007000000000000001,51.98242857142857
2025,4,2025-02-02,,,,,11.565820895522387,6.610383795309168,18.758869936034113,0.011194029850746268,45.65705756929637,14.62657142857143,10.031285714285714,21.211142857142857,0.009,48.07257142857143
2025,5,2025-02-09,,,,,12.69594882729211,7.178315565031983,20.61982942430704,0.2191044776119403,42.8954157782516,15.692142857142859,10.397571428571428,23.162142857142857,0.029000000000000005,43.379714285714286
2025,6,2025-02-16,,,,,11.778379530916844,6.234200426439232,19.478400852878465,0.1608955223880597,42.33889125799573,15.177142857142858,10.008142857142857,22.448428571428572,0.15000000000000002,39.649142857142856
2025,7,2025-02-23,,,,,12.803240938166311,7.579466950959488,19.68950959488273,1.6913432835820894,50.392217484008526,16.50185714285714,11.369285714285713,23.12657142857143,2.085,47.22357142857143
2025,8,2025-03-02,60.0,bulletin:table4,129.0,134.0,13.637185501066098,8.629339019189766,20.25226012793177,72.60850746268656,55.97108742004264,17.36857142857143,12.528714285714287,23.97757142857143,99.044,51.61828571428572
2025,9,2025-03-09,64.0,interpolated,,,13.910788912579957,7.822942430703625,21.54351812366738,1.2416417910447761,44.36899786780384,17.525,12.183,24.598714285714287,0.386,42.680285714285716
2025,10,2025-03-16,69.0,bulletin:table4,130.0,134.0,17.453134328358207,11.42953091684435,24.77950959488273,6.954179104477612,48.17744136460555,21.35142857142857,15.688142857142859,28.429714285714283,3.524,43.13071428571429
2025,11,2025-03-23,30.0,bulletin:table4,131.0,134.0,16.690127931769723,10.177526652452025,24.183368869936036,4.373880597014925,42.427078891258,20.777,14.975714285714286,27.801142857142857,7.712000000000001,40.946714285714286
2025,12,2025-03-30,22.0,bulletin:table4,132.0,134.0,19.780810234541576,12.829189765458423,27.925245202558635,0.36597014925373134,34.23590618336887,23.246285714285715,16.87242857142857,30.82257142857143,0.193,34.935
2025,13,2025-04-06,37.0,bulletin:table4,132.0,134.0,20.04125799573561,12.884712153518125,28.31643923240938,0.0011940298507462687,26.408805970149256,23.882571428571428,17.14757142857143,31.914714285714286,0.0,24.88357142857143
2025,14,2025-04-13,40.0,bulletin:table4,132.0,134.0,19.915287846481874,14.695223880597014,25.88912579957356,32.94,56.92179104477612,23.00642857142857,18.259857142857143,28.501428571428573,36.97,58.30257142857143
2025,15,2025-04-20,33.0,bulletin:table4,128.0,134.0,20.421108742004265,15.373283582089552,26.20505330490405,24.087014925373133,61.524221748400855,23.122,18.674142857142858,28.32857142857143,22.776,63.56614285714286
2025,16,2025-04-27,29.0,bulletin:table4,129.0,134.0,22.929552238805968,15.696140724946696,30.72407249466951,3.635373134328358,35.128869936034114,26.70657142857143,19.91242857142857,34.148,5.329000000000001,35.21857142857143
2025,17,2025-05-04,35.0,bulletin:table4,132.0,134.0,19.97831556503198,15.328379530916843,25.294434968017057,13.442089552238807,58.47486140724947,22.549714285714284,18.073,27.457428571428572,18.975,60.83914285714286
2025,18,2025-05-11,31.0,bulletin:table4,132.0,134.0,22.531599147121536,17.209701492537313,28.356908315565033,11.769402985074626,54.96611940298507,25.734285714285715,20.41485714285714,31.531,9.914,51.63057142857143
2025,19,2025-05-18,33.0,bulletin:table4,134.0,134.0,23.409360341151384,17.634179104477614,29.542174840085288,34.718805970149255,54.10793176972282,26.05042857142857,20.791714285714285,31.8,51.083,57.045
2025,20,2025-05-25,45.0,bulletin:table4,134.0,134.0,22.172388059701493,17.68449893390192,27.297356076759062,58.10611940298508,70.51083155650319,24.389714285714284,20.391,29.198285714285714,68.45,73.48914285714287
2025,21,2025-06-01,45.0,bulletin:table4,133.0,134.0,23.92462686567164,19.210618336886995,29.168805970149254,35.82373134328358,67.13897654584221,26.309285714285714,21.941142857142857,31.188142857142857,45.863,70.44828571428572
2025,22,2025-06-08,44.0,bulletin:table4,132.0,134.0,22.838123667377396,17.366652452025583,28.386929637526652,17.631641791044775,57.97381663113006,25.613428571428575,20.693285714285715,30.628857142857147,19.947,61.60228571428571
2025,23,2025-06-15,53.0,bulletin:table4,130.0,134.0,25.15643923240938,21.008827292110876,29.738102345415776,56.93373134328358,68.76827292110875,27.156142857142857,23.391285714285715,31.367571428571427,43.251,70.76928571428572
2025,24,2025-06-22,65.0,bulletin:table4,131.0,134.0,23.887057569296374,20.27277185501066,28.23100213219616,86.83686567164179,79.41127931769722,25.66957142857143,22.581285714285713,29.451857142857143,93.058,82.42157142857143
2025,25,2025-06-29,81.0,bulletin:table4,130.0,134.0,23.533454157782515,20.27206823027719,27.50051172707889,61.55373134328359,82.72264392324094,25.510714285714286,22.466714285714286,29.229571428571425,68.013,84.53485714285713
2025,26,2025-07-06,72.0,bulletin:table4,130.0,134.0,23.523688699360342,20.042665245202556,27.52144989339019,45.003432835820895,81.36533049040511,25.574571428571428,22.569857142857142,29.195142857142855,37.778,83.28842857142857
2025,27,2025-07-13,62.0,bulletin:table4,128.0,134.0,23.3127078891258,19.920085287846483,27.152388059701494,55.77985074626866,82.00761194029852,25.442,22.336,29.129857142857144,60.765,82.92957142857144
2025,28,2025-07-20,85.0,bulletin:table4,132.0,134.0,22.815842217484008,19.769339019189765,26.49863539445629,63.39313432835821,83.86633262260128,24.884142857142855,22.207428571428572,28.047571428571427,79.622,85.18585714285715
2025,29,2025-07-27,108.0,bulletin:table4,133.0,134.0,23.9572921108742,20.69912579957356,27.766119402985073,35.9320895522388,81.90219616204692,26.16514285714286,23.226000000000003,29.55457142857143,32.545,82.93357142857143
2025,30,2025-08-03,136.0,bulletin:table4,126.0,134.0,22.786609808102344,20.199488272921105,26.084861407249466,82.9465671641791,87.74974413646055,24.95042857142857,22.512285714285714,27.970999999999997,89.94,88.55428571428573
2025,31,2025-08-10,138.0,bulletin:table4,131.0,134.0,22.233859275053305,19.750724946695097,25.36816631130064,77.83223880597015,90.32012793176972,24.313142857142857,22.017000000000003,27.239428571428572,68.591,91.02185714285714
2025,32,2025-08-17,156.0,bulletin:table4,132.0,134.0,22.551641791044776,19.824690831556502,25.894733475479743,70.51059701492538,89.3731343283582,24.684285714285714,22.038,27.82042857142857,74.03,89.61442857142858
2025,33,2025-08-24,208.0,bulletin:table4,133.0,134.0,22.202558635394457,19.45908315565032,25.66008528784648,62.015671641791045,87.79637526652452,24.476714285714287,21.937428571428573,27.729571428571425,55.977999999999994,88.25471428571429
2025,34,2025-08-31,230.0,bulletin:table4,130.0,134.0,21.69315565031983,19.054093816631127,24.91366737739872,60.19582089552239,89.3290618336887,23.973285714285716,21.43542857142857,27.006285714285713,60.121,89.67771428571429
2025,35,2025-09-07,269.0,bulletin:table4,131.0,134.0,21.939616204690832,19.14912579957356,25.30049040511727,43.97537313432836,87.57132196162047,24.53985714285714,21.777142857142856,27.874285714285712,33.082,87.05085714285715
2025,36,2025-09-14,263.0,bulletin:table4,127.0,134.0,21.798017057569297,19.480831556503198,24.80528784648188,86.40701492537315,91.2709381663113,24.034285714285712,21.966571428571427,26.796857142857142,112.364,92.10871428571429
2025,37,2025-09-21,322.0,bulletin:table4,127.0,134.0,20.61788912579957,18.149317697228145,23.712430703624737,83.04611940298507,90.4024946695096,22.993714285714283,20.750285714285717,25.91014285714286,88.237,90.78757142857144
2025,38,2025-09-28,344.0,bulletin:table4,129.0,134.0,21.930682302771853,18.96863539445629,25.43358208955224,8.50820895522388,86.52200426439232,24.316857142857142,21.639142857142858,27.408285714285718,4.168,86.74271428571429
2025,39,2025-10-05,274.0,bulletin:table4,120.0,134.0,20.275266524520255,17.649275053304905,23.4927078891258,91.8644776119403,87.70006396588487,22.774571428571427,20.47485714285714,25.485,140.256,88.37471428571429
2025,40,2025-10-12,236.0,bulletin:table4,124.0,134.0,18.538486140724945,15.16633262260128,22.901577825159915,5.07134328358209,81.50652452025587,21.78085714285714,18.950714285714287,25.576142857142855,3.154,84.482
2025,41,2025-10-19,478.0,bulletin:table4,127.0,134.0,18.293880597014926,14.879061833688699,22.705181236673774,0.00014925373134328358,81.96307036247335,21.11842857142857,18.02942857142857,25.161142857142856,0.0,81.81857142857143
2025,42,2025-10-26,334.0,bulletin:table4,123.0,134.0,18.34963752665245,14.855010660980811,22.97505330490405,0.12865671641791046,76.4247974413646,21.647285714285715,18.578857142857142,25.652714285714286,0.008,78.96842857142857
2025,43,2025-11-02,246.0,bulletin:table4,126.0,134.0,17.101961620469083,14.081002132196161,21.033518123667378,53.7555223880597,80.41392324093816,19.978285714285715,17.463285714285714,23.175714285714285,82.848,84.65299999999999
2025,44,2025-11-09,398.0,bulletin:table4,129.0,134.0,16.05904051172708,12.412601279317698,21.155074626865673,0.6546268656716417,76.48413646055437,19.378285714285717,16.283571428571427,23.81942857142857,0.663,80.75728571428571
2025,45,2025-11-16,204.0,bulletin:table4,130.0,134.0,13.661897654584223,9.614477611940298,19.485159914712153,0.0,66.88247334754797,16.718714285714288,13.223571428571429,21.844285714285714,0.0,76.02542857142858
2025,46,2025-11-23,190.0,bulletin:table4,126.0,134.0,13.478614072494668,9.815863539445628,18.7982302771855,0.0591044776119403,75.06778251599147,16.396571428571427,13.219,20.973857142857142,0.054000000000000006,80.273
2025,47,2025-11-30,138.0,interpolated,,,12.690852878464819,8.741300639658848,18.525756929637527,0.0,64.21835820895522,15.586571428571428,12.153428571428572,20.585857142857144,0.0,74.67142857142858
2025,48,2025-12-07,87.0,bulletin:table4,127.0,134.0,11.537014925373134,7.424392324093816,17.7501066098081,0.0,59.652857142857144,14.20042857142857,10.761142857142858,19.67957142857143,0.0,68.317
2025,49,2025-12-14,129.0,bulletin:table4,128.0,134.0,11.771705756929636,7.460383795309168,18.060213219616205,0.0,60.16699360341151,14.445857142857145,10.776571428571428,19.999285714285715,0.0,69.49199999999999
2025,50,2025-12-21,57.0,bulletin:table4,129.0,134.0,11.343283582089553,7.032302771855011,17.79545842217484,0.0,62.29643923240938,13.330571428571428,9.25657142857143,19.20414285714286,0.0,72.67999999999999
2025,51,2025-12-28,45.0,bulletin:table4,128.0,134.0,10.146567164179103,6.13771855010661,16.53539445628998,0.0,61.541428571428575,12.290857142857142,8.591571428571429,18.18357142857143,0.0,74.24571428571429
2025,52,2026-01-04,,,,,8.49503198294243,4.378400852878465,14.809424307036247,0.09462686567164179,61.44349680170575,11.173571428571428,7.5,16.863,0.072,68.4207142857143
